rok,turniej,turniej_id,kategoria,miejsce,para,osrodek,instruktor
2022,KATOWICE 2022,144,nieznana,1,Czerwiński Mateusz; Saramok Dorota,ZPIT POWIŚLE,GRABOWSKI KONRAD CZERWIŃSKI ŁUKASZ
2022,KATOWICE 2022,144,nieznana,2,Klimkiewicz Bartosz; Iwańczak Zofia,ZPIT ZAMOJSZCZYZNA,HILDEBRAND MONIKA
2022,KATOWICE 2022,144,nieznana,3,Całka Miłosz; Dłużniewska Kinga,ZPIT MALBORK,CIOK ANETTA
2022,KATOWICE 2022,144,nieznana,4,Piórkowski Paweł; Węglarz Maria,ZPIT POWIŚLE,GRABOWSKI KONRAD
2022,KATOWICE 2022,144,nieznana,5,Kusyk Jan; Kwit Gabriela,ZPIT POWIŚLE,GRABOWSKI KONRAD
2022,KATOWICE 2022,144,nieznana,6,Nowak Piotr; Przybyszewska Olga,ZTP WRONKI,GALASIŃSKA HANNA
2022,KATOWICE 2022,144,nieznana,7,Żuk Aleksander; Małek Maja,ZPIT MALBORK,CIOK ANETTA
2022,KATOWICE 2022,144,nieznana,8,Jabłoński Franciszek; Gil Karolina,ZTL MAŁY GŁUSK,TRYNISZEWSKI DAMIAN
2022,KATOWICE 2022,144,nieznana,9,Snopczyński Adam; Kukuryk Hanna,ZTL MAŁY GŁUSK,TRYNISZEWSKI DAMIAN
2022,KATOWICE 2022,144,nieznana,1,Sikora Stanisław; Węcel Kornelia,DZF WIELKOPOLANIE,BANAŚ JADWIGA
2022,KATOWICE 2022,144,nieznana,2,Maraszkiewicz Tomasz; Łukanowska Julia,ZPIT POWIŚLE,GRABOWSKI KONRAD
2022,KATOWICE 2022,144,nieznana,3,Anioł Miłosz; Kalemba Karolina,ZTP WRONKI,PODGÓRSKI MICHAŁ
2022,KATOWICE 2022,144,nieznana,1,Bednarczyk Jakub; Wójcik Oliwia,ZPIT POWIŚLE,GRABOWSKI KONRAD
2022,KATOWICE 2022,144,nieznana,2,Goch Piotr; Charalampous Adriana,MLZPIT KRAKOWIAK,KRUCZEK ANNA
2022,KATOWICE 2022,144,nieznana,3,Kaźmierczak Michał; Golba Nina,ZTP WRONKI,GALASIŃSKA HANNA
2022,KATOWICE 2022,144,nieznana,4,Hosaja Wojciech; Majewska Michalina,ZTL PROMYKI,KAMIL RZĄCA DARIUSZ SKRZYDLEWSKI DOMINIKA BISIALSKA
2022,KATOWICE 2022,144,nieznana,5,Stasiorczyk Jakub; Brukwicz Natalia,ZTL PROMYKI,KAMIL RZĄCA DARIUSZ SKRZYDLEWSKI DOMINIKA BISIALSKA
2022,KATOWICE 2022,144,nieznana,6,Piasek Tobiasz; Starzonek Gabriela,ZTP WRONKI,GALASIŃSKI JAN
2022,KATOWICE 2022,144,nieznana,7,Ostaszewski Adrian; Jabłonowska Róża,ZTL PROMYKI,KAMIL RZĄCA DARIUSZ SKRZYDLEWSKI DOMINIKA BISIALSKA
2022,KATOWICE 2022,144,nieznana,8,Kujawski Krzysztof; Judek Zofia,ZTP WRONKI,GALASIŃSKI JAN
2022,KATOWICE 2022,144,nieznana,8,Kościuszko Dominik; Jabłońska Julia,ZPIT ZAMOJSZCZYZNA,MONIKA HILDEBRAND JOLANTA KALINOWSKA-OBST MONIKA HILDEBRAND JOLANTA KALINOWSKA-OBST
2022,KATOWICE 2022,144,nieznana,10,Zapała Dawid; Gdowik Anna,MLZPIT KRAKOWIAK,KRUCZEK ANNA
2022,KATOWICE 2022,144,nieznana,10,Pikor Piotr; Szymańska Amelia,ZPIT ZAMOJSZCZYZNA,HILDEBRAND MONIKA
2022,KATOWICE 2022,144,nieznana,12,Mielnicki Paweł; Jabłońska Alicja,ZPIT ZAMOJSZCZYZNA,HILDEBRAND MONIKA
2022,KATOWICE 2022,144,nieznana,13,Gil Jakub; Wojtak Anna,ZTL MAŁY GŁUSK,TRYNISZEWSKI DAMIAN
2022,KATOWICE 2022,144,nieznana,1,Zabrocki Juliusz; Ciok Zofia,ZPIT MAŁE ŻUŁAWY,CIOK ANETTA
2022,KATOWICE 2022,144,nieznana,2,Matuszak Mateusz; Piaskowska-Niszczak Olga,ZTP WRONKI,GALASIŃSKA HANNA
2022,KATOWICE 2022,144,nieznana,3,Pulchny Mateusz; Badzińska Oliwia,MLZPIT KRAKOWIAK,KRUCZEK ANNA
2022,KATOWICE 2022,144,nieznana,1,Hildebrand Rafał; Droździel Zuzanna,ZPIT ZAMOJSZCZYZNA,HILDEBRAND MONIKA
2022,KATOWICE 2022,144,nieznana,2,Woźniak Jan; Jasińska Karolina,ZPIT MALBORK,CIOK ANETTA
2022,KATOWICE 2022,144,nieznana,3,Wawrzynek Tymon; Kirchner Adrianna,DZF WIELKOPOLANIE,BANAŚ JADWIGA
2022,KATOWICE 2022,144,nieznana,4,Goch Gabriel; Goch Emilia,MLZPIT KRAKOWIAK,KRUCZEK ANNA
2022,KATOWICE 2022,144,nieznana,1,Łyszcz Mikołaj; Wojnicka Amelia,ZPIT POWIŚLE,GRABOWSKI KONRAD
2022,KATOWICE 2022,144,nieznana,2,Komorek Sergiusz; Charalampous Emilia,MLZPIT KRAKOWIAK,KRUCZEK ANNA
2022,KATOWICE 2022,144,nieznana,3,Czubacki Wojciech; Paździor Amelia,ZTL MAŁY GŁUSK,TRYNISZEWSKI DAMIAN
2022,KATOWICE 2022,144,nieznana,4,Żaluk Piotr; Bańkowska Antonina,ZTL PROMYKI,KAMIL RZĄCA DARIUSZ SKRZYDLEWSKI DOMINIKA BISIALSKA
2022,KATOWICE 2022,144,nieznana,5,Wysocki Robert; Filipek Julia,ZPIT POWIŚLE,GRABOWSKI KONRAD
2022,KATOWICE 2022,144,nieznana,6,Usarek Paweł; Wolska Zofia,ZPIT POWIŚLE,GRABOWSKI KONRAD
2022,KATOWICE 2022,144,nieznana,7,Radzik Maksymilian; Kardasz Katarzyna,ZPIT ZAMOJSZCZYZNA,HILDEBRAND MONIKA
2022,KATOWICE 2022,144,nieznana,1,Wylęgły Bartosz; Rydelek Jagoda,ZTL PROMYKI,KAMIL RZĄCA DARIUSZ SKRZYDLEWSKI DOMINIKA BISIALSKA
2022,KATOWICE 2022,144,nieznana,2,Kamiński Wojciech; Kulka Maria,ZF WIELKOPOLANIE,BANAŚ JADWIGA
2022,KATOWICE 2022,144,nieznana,3,Wróblewski Damian; Siemczyk Milena,ZPIT ZAMOJSZCZYZNA,HILDEBRAND MONIKA
2022,KATOWICE 2022,144,nieznana,4,Klimek Michał; Klimek Aleksandra,KTP MAKI I POWOJE,ŚLĘCZKA MACIEJ
2022,KATOWICE 2022,144,nieznana,1,Šerlat Andžej; Król Katarzyna,ZPIT PW,WOJCIECHOWSKI JAROSŁAW
2022,KATOWICE 2022,144,nieznana,2,Pupiec Kamil; Szczepańska Adrianna,ZPIT PW,WOJCIECHOWSKI JAROSŁAW
2022,KATOWICE 2022,144,nieznana,3,Urjasz Witold; Kluczkiewicz Klaudia,KTP MAKI I POWOJE,HAJDASZ KATARZYNA
2022,KATOWICE 2022,144,nieznana,4,Małysz Krzysztof; Biernat Emilia,ZPIT SILESIANIE,STOLARCZYK KINGA
2022,KATOWICE 2022,144,nieznana,1,Hemmerling Marcin; Sudzińska Maria,SPKL MŁODY TORUŃ,BILSKA KATARZYNA
2022,KATOWICE 2022,144,nieznana,2,Kulczyński Kazimierz; Roik Kamila,WIELKOPOLSKI KTP,BUDZIAK MARTA MICHALSKA JOANNA
2022,KATOWICE 2022,144,nieznana,3,Mańkowski Robert; Mańkowska Beata,SPKL MŁODY TORUŃ,BILSKA KATARZYNA
2022,KATOWICE 2022,144,nieznana,4,Śniedziewski Artur; Pasicka Aleksandra,WIELKOPOLSKI KTP,BUDZIAK MARTA MICHALSKA JOANNA
2022,KATOWICE 2022,144,nieznana,5,Molski Michał; Wilgos Marlena,ZTL PROMYKI,KAMIL RZĄCA DARIUSZ SKRZYDLEWSKI DOMINIKA BISIALSKA
2022,KATOWICE 2022,144,nieznana,1,Piątek Jacek; Piątek Małgorzata,ZPIT UG JANTAR,BARTOSZ NATALIA
2022,KATOWICE 2022,144,nieznana,2,Korczyk Kazimierz; Nowak Agata,AKTYWNI SENIORZY BIELSKO-BIAŁA,POLOK ROMANA
2022,KATOWICE 2022,144,nieznana,3,Kozień Janusz; Sławińska-Targosz Lucyna,ZPIT DOBCZYCE,KOZIEŃ JANUSZ
2022,KATOWICE 2022,144,nieznana,1,Skoczeń Dominik; Woroszyło Natalia,ZPIT PW,WOJCIECHOWSKI JAROSŁAW
2022,KATOWICE 2022,144,nieznana,2,Šerlat Andžej; Król Katarzyna,ZPIT PW,WOJCIECHOWSKI JAROSŁAW
2022,KATOWICE 2022,144,nieznana,3,Pupiec Kamil; Szczepańska Adrianna,ZPIT PW,WOJCIECHOWSKI JAROSŁAW
2022,KATOWICE 2022,144,nieznana,4,Urjasz Witold; Kluczkiewicz Klaudia,KTP MAKI I POWOJE,HAJDASZ KATARZYNA
2022,KATOWICE 2022,144,nieznana,5,Małysz Krzysztof; Biernat Emilia,ZPIT SILESIANIE,STOLARCZYK KINGA
2022,MALBORK 2022,143,nieznana,1,Klimkiewicz Bartosz; Iwańczak Zofia,ZPIT ZAMOJSZCZYZNA,HILDEBRAND MONIKA
2022,MALBORK 2022,143,nieznana,2,Hubert Załęski; Graban Martyna,ZPIT WARMIA,WOJCIECHOWICZ AGNIESZKA
2022,MALBORK 2022,143,nieznana,3,Nowak Andrzej; Iwańczyk Lena,ZPIT UW WARSZAWIANKA,RZĄCA KAROLINA
2022,MALBORK 2022,143,nieznana,4,Czerwiński Mateusz; Saramok Dorota,ZPIT POWIŚLE,GRABOWSKI KONRAD CZERWIŃSKI ŁUKASZ
2022,MALBORK 2022,143,nieznana,5,Piórkowski Paweł; Węglarz Maria,ZPIT POWIŚLE,GRABOWSKI KONRAD
2022,MALBORK 2022,143,nieznana,6,Nowicki Ksawery; Panuś Nadia,KPT STAWIGUDA,NITKIEWICZ MONIKA
2022,MALBORK 2022,143,nieznana,7,Kusyk Jan; Kwit Gabriela,ZPIT POWIŚLE,GRABOWSKI KONRAD
2022,MALBORK 2022,143,nieznana,8,Całka Miłosz; Dłużniewska Kinga,ZPIT MALBORK,CIOK ANETTA
2022,MALBORK 2022,143,nieznana,9,Dłużniewski Antoni; Makowska Maria,ZPIT MALBORK,CIOK ANETTA
2022,MALBORK 2022,143,nieznana,9,Nowak Piotr; Przybyszewska Olga,ZTP WRONKI,GALASIŃSKA HANNA
2022,MALBORK 2022,143,nieznana,11,Sobolewski Oktawian; Wojtysiak Zofia,ZPIT MALBORK,CIOK ANETTA
2022,MALBORK 2022,143,nieznana,11,Żuk Aleksander; Małek Maja,ZPIT MALBORK,CIOK ANETTA
2022,MALBORK 2022,143,nieznana,13,Lipiński Miłosz; Wiśniewska Maja,ZPIT MALBORK,CIOK ANETTA
2022,MALBORK 2022,143,nieznana,13,Flizikowski Antoni; Siedlarek Nina,ZPIT MALBORK,CIOK ANETTA
2022,MALBORK 2022,143,nieznana,1,Anioł Miłosz; Kalemba Karolina,ZTP WRONKI,PODGÓRSKI MICHAŁ
2022,MALBORK 2022,143,nieznana,2,Tomczak Miłosz; Olejniczak Kinga,DZF WIELKOPOLANIE,BANAŚ JADWIGA
2022,MALBORK 2022,143,nieznana,3,Sikora Stanisław; Węcel Kornelia,DZF WIELKOPOLANIE,BANAŚ JADWIGA
2022,MALBORK 2022,143,nieznana,1,Kaczyński Mikołaj; Walczuk Dorota,ZPIT UW WARSZAWIANKA,RZĄCA KAROLINA
2022,MALBORK 2022,143,nieznana,2,Braniecki Michał; Owczarek Joanna,ZPIT UW WARSZAWIANKA,RZĄCA KAROLINA
2022,MALBORK 2022,143,nieznana,3,Witek Jan; Krasnowska Maja,ZPIT KORTOWO UWM,BARAN ALICJA
2022,MALBORK 2022,143,nieznana,4,Rutka Marcel; Wojnar Katarzyna,ZPIT KORTOWO UWM,BARAN ALICJA
2022,MALBORK 2022,143,nieznana,5,Janda Filip; Celuch Marta,ZPIT UW WARSZAWIANKA,RZĄCA KAROLINA
2022,MALBORK 2022,143,nieznana,6,Kaźmierczak Michał; Golba Nina,ZTP WRONKI,GALASIŃSKA HANNA
2022,MALBORK 2022,143,nieznana,7,Bednarczyk Jakub; Wójcik Oliwia,ZPIT POWIŚLE,GRABOWSKI KONRAD
2022,MALBORK 2022,143,nieznana,8,Pikor Piotr; Szymańska Amelia,ZPIT ZAMOJSZCZYZNA,HILDEBRAND MONIKA
2022,MALBORK 2022,143,nieznana,9,Strzelewicz Wiktor; Szwyngel Witkoria,ZPIT ŁANIKI,MICHALSKA JOANNA
2022,MALBORK 2022,143,nieznana,9,Kościuszko Dominik; Jabłońska Julia,ZPIT ZAMOJSZCZYZNA,MONIKA HILDEBRAND JOLANTA KALINOWSKA-OBST MONIKA HILDEBRAND JOLANTA KALINOWSKA-OBST
2022,MALBORK 2022,143,nieznana,11,Kujawski Krzysztof; Judek Zofia,ZTP WRONKI,GALASIŃSKI JAN
2022,MALBORK 2022,143,nieznana,11,Piątek Ignacy; Kamińska Antonina,ZPIT SZCZECINIANIE,OTT-KAMIŃSKA EWA
2022,MALBORK 2022,143,nieznana,13,Gruszka Tymon; Osetek Maja,ZPIT KORTOWO UWM,BARAN ALICJA
2022,MALBORK 2022,143,nieznana,14,Waliszewski Oskar; Skotnicka Lena,ZPIT ŁANIKI,STRZELEWICZ MARTA
2022,MALBORK 2022,143,nieznana,14,Tański Konstanty; Staniszewska Aleksandra,ZPIT KORTOWO UWM,BARAN ALICJA
2022,MALBORK 2022,143,nieznana,16,Stacherski Gustaw; Zawieja Helena,DZF WIELKOPOLANIE,BANAŚ JADWIGA
2022,MALBORK 2022,143,nieznana,16,Goch Piotr; Charalampous Adriana,MLZPIT KRAKOWIAK,KRUCZEK ANNA
2022,MALBORK 2022,143,nieznana,16,Słomski Franciszek; Miłoś Katarzyna,ZPIT ŁANIKI,STRZELEWICZ MARTA
2022,MALBORK 2022,143,nieznana,19,Jeckel Leon; Krynicka Alicja,DZF WIELKOPOLANIE,BANAŚ JADWIGA
2022,MALBORK 2022,143,nieznana,19,Mielnicki Paweł; Jabłońska Alicja,ZPIT ZAMOJSZCZYZNA,HILDEBRAND MONIKA
2022,MALBORK 2022,143,nieznana,19,Bryś Marcin; Sikora Hanna,DZF WIELKOPOLANIE,BANAŚ JADWIGA
2022,MALBORK 2022,143,nieznana,19,Graban Szymon; Glińska Barbara,ZPIT WARMIA,WOJCIECHOWICZ AGNIESZKA
2022,MALBORK 2022,143,nieznana,23,Gil Jakub; Błaszczak Alicja,ZTL MAŁY GŁUSK,TRYNISZEWSKI DAMIAN
2022,MALBORK 2022,143,nieznana,23,Zapała Dawid; Gdowik Anna,MLZPIT KRAKOWIAK,KRUCZEK ANNA
2022,MALBORK 2022,143,nieznana,25,Garbowski Antoni; Zajkiewicz Helena,ZPIT ŁANIKI,STRZELEWICZ MARTA
2022,MALBORK 2022,143,nieznana,26,Tomasiak Tobiasz; Lipa Martyna,ZPIT POWIŚLE,GRABOWSKI KONRAD
2022,MALBORK 2022,143,nieznana,1,Pulchny Mateusz; Badzińska Oliwia,MLZPIT KRAKOWIAK,KRUCZEK ANNA
2022,MALBORK 2022,143,nieznana,2,Woźniak Jan; Jasińska Karolina,ZPIT MALBORK,CIOK ANETTA
2022,MALBORK 2022,143,nieznana,3,Hildebrand Rafał; Droździel Zuzanna,ZPIT ZAMOJSZCZYZNA,HILDEBRAND MONIKA
2022,MALBORK 2022,143,nieznana,4,Goch Gabriel; Goch Emilia,MLZPIT KRAKOWIAK,KRUCZEK ANNA
2022,MALBORK 2022,143,nieznana,1,Chodkowski Ignacy; Szymańska Antonia,ZPIT UW WARSZAWIANKA,RZĄCA KAROLINA
2022,MALBORK 2022,143,nieznana,2,Kosiński Zbigniew; Owczarska Urszula,ZPIT MAŁE PODLASIE,LESZCZYŃSKI KAMIL
2022,MALBORK 2022,143,nieznana,3,Czubacki Wojciech; Paździor Amelia,ZTL MAŁY GŁUSK,TRYNISZEWSKI DAMIAN
2022,MALBORK 2022,143,nieznana,4,Komorek Sergiusz; Charalampous Emilia,MLZPIT KRAKOWIAK,KRUCZEK ANNA
2022,MALBORK 2022,143,nieznana,5,Woźniak Kacper; Kloskowska Zuzanna,POMORSKI KTP,
2022,MALBORK 2022,143,nieznana,6,Fos Szymon; Górniak Judyta,ZPIT MAŁE ŻUŁAWY,CIOK ANETTA
2022,MALBORK 2022,143,nieznana,7,Cejrowski Julian; Sołtysiak Antonina,ZPIT UG JANTAR,TAŠKINAS MODESTAS
2022,MALBORK 2022,143,nieznana,8,Rosołowski Jakub; Kamińska Zofia,ZPIT SZCZECINIANIE,OTT-KAMIŃSKA EWA
2022,MALBORK 2022,143,nieznana,8,Łyszcz Mikołaj; Wojnicka Amelia,ZPIT POWIŚLE,GRABOWSKI KONRAD
2022,MALBORK 2022,143,nieznana,10,Nowak Adam; Chojan Zofia,ZTP WRONKI,PODGÓRSKI MICHAŁ
2022,MALBORK 2022,143,nieznana,11,Żmudziński Karol; Babul Hanna,ZPIT UG JANTAR,TAŠKINAS MODESTAS
2022,MALBORK 2022,143,nieznana,12,Wysocki Robert; Filipek Julia,ZPIT POWIŚLE,GRABOWSKI KONRAD
2022,MALBORK 2022,143,nieznana,13,Gojło-Woźniak Jan; Międlar Róża,ZPIT UG JANTAR,TAŠKINAS MODESTAS
2022,MALBORK 2022,143,nieznana,14,Wierzbicki Jakub; Piersa Anna,KPT STAWIGUDA,
2022,MALBORK 2022,143,nieznana,14,Usarek Paweł; Wolska Zofia,ZPIT POWIŚLE,GRABOWSKI KONRAD
2022,MALBORK 2022,143,nieznana,16,Szubiński Arkadiusz; Wdowiak Małgorzata,WIELKOPOLSKI KTP,DOMINIK SKORUPSKI MARTA BUDZIAK
2022,MALBORK 2022,143,nieznana,1,Iwańczyk Jakub; Toboła Maria,ZPIT UW WARSZAWIANKA,TEPEREK JAKUB
2022,MALBORK 2022,143,nieznana,2,Spirka Bartłomiej; Kulka Zofia,ZF WIELKOPOLANIE,GALASIŃSKI JAN
2022,MALBORK 2022,143,nieznana,3,Zastróżny Daniel; Góral Amelia,ZTP WRONKI,GALASIŃSKA HANNA
2022,MALBORK 2022,143,nieznana,1,Zych Maciej; Wójtowicz Helena,ZPIT UW WARSZAWIANKA,RZĄCA KAROLINA
2022,MALBORK 2022,143,nieznana,2,Kryński Kacper; Milewska Magdalena,ZPIT MAŁE PODLASIE,LESZCZYŃSKI KAMIL
2022,MALBORK 2022,143,nieznana,3,Maciejewski Jerzy; Toboła Julia,ZPIT UW WARSZAWIANKA,TEPEREK JAKUB
2022,MALBORK 2022,143,nieznana,4,Krobski Maksymilian; Czaińska Oliwia,ZF WIELKOPOLANIE,GALASIŃSKI JAN
2022,MALBORK 2022,143,nieznana,5,Koch Łukasz; Moździerz Zofia,ZPIT MALBORK,CIOK ANETTA
2022,MALBORK 2022,143,nieznana,6,Trzciński Tymoteusz; Markowska Anna,ZPIT SZCZECINIANIE,OTT-KAMIŃSKA EWA
2022,MALBORK 2022,143,nieznana,7,Kamiński Wojciech; Kulka Maria,ZF WIELKOPOLANIE,BANAŚ JADWIGA
2022,MALBORK 2022,143,nieznana,8,Pieniak Tobiasz; Dominiczak Anna,ZPIT WARMIA,WOJCIECHOWICZ AGNIESZKA
2022,MALBORK 2022,143,nieznana,9,Tabor Paweł; Brzezińska Zofia,KTP MAKI I POWOJE,HAJDASZ KATARZYNA
2022,MALBORK 2022,143,nieznana,9,Wróblewski Damian; Siemczyk Milena,ZPIT ZAMOJSZCZYZNA,HILDEBRAND MONIKA
2022,MALBORK 2022,143,nieznana,11,Link Mateusz; Przyborska Marta,ZPIT WARMIA,WOJCIECHOWICZ AGNIESZKA
2022,MALBORK 2022,143,nieznana,12,Poświatowski Kamil; Paterska Agata,ZPIT ZAMOJSZCZYZNA,
2022,MALBORK 2022,143,nieznana,1,Pasiut Paweł; Ziółek Weronika,ZPIT UW WARSZAWIANKA,TEPEREK JAKUB
2022,MALBORK 2022,143,nieznana,2,Zych Szymon; Ziółek Klaudia,ZPIT UW WARSZAWIANKA,PÓŹNIEWSKI NORBERT
2022,MALBORK 2022,143,nieznana,3,Dwóżnik Tomasz; Matuszak Nadia,ZTP WRONKI,GALASIŃSKI JAN
2022,MALBORK 2022,143,nieznana,4,Skorupski Dominik; Skwara Bogumiła,WIELKOPOLSKI KTP,BUDZIAK MARTA MICHALSKA JOANNA
2022,MALBORK 2022,143,nieznana,1,Pracki Marcin; Jekiełek Julianna,ZPIT UW WARSZAWIANKA,PÓŹNIEWSKI NORBERT
2022,MALBORK 2022,143,nieznana,2,Hertrampf Piotr; Staniszewska Patrycja,ZPIT KORTOWO UWM,BARAN ALICJA
2022,MALBORK 2022,143,nieznana,3,Šerlat Andžej; Król Katarzyna,ZPIT PW,WOJCIECHOWSKI JAROSŁAW
2022,MALBORK 2022,143,nieznana,3,Hildebrand Karol; Szycik Natalia,ZPIT UW WARSZAWIANKA,PÓŹNIEWSKI NORBERT
2022,MALBORK 2022,143,nieznana,5,Laskowski Filip; Murmiłło Maja,ZF WIELKOPOLANIE,GALASIŃSKI JAN
2022,MALBORK 2022,143,nieznana,6,Baliński Bartosz; Zduniuk Justyna,ZPIT UW WARSZAWIANKA,PÓŹNIEWSKI NORBERT
2022,MALBORK 2022,143,nieznana,7,Urjasz Witold; Kluczkiewicz Klaudia,KTP MAKI I POWOJE,HAJDASZ KATARZYNA
2022,MALBORK 2022,143,nieznana,1,Taškinas Modestas; Kurashkevych Oleksandra,ZPIT UG JANTAR,BARTOSZ NATALIA
2022,MALBORK 2022,143,nieznana,2,Podgórski Michał; Michałek Jagoda,ZTP WRONKI,GALASIŃSKI JAN
2022,MALBORK 2022,143,nieznana,3,Sawicki Karol; Bartosz Natalia,ZPIT UG JANTAR,TAŠKINAS MODESTAS
2022,MALBORK 2022,143,nieznana,4,Grzejszczyk Mariusz; Borkowska Klaudia,ZPIT UW WARSZAWIANKA,PÓŹNIEWSKI NORBERT
2022,MALBORK 2022,143,nieznana,5,Obolewicz Szymon; Pospiech Agata,ZF WIELKOPOLANIE,AGATA POSPIECH SZYMON OBOLEWICZ
2022,MALBORK 2022,143,nieznana,6,Cichocki Dawid; Andrzejczak Ada,ZPIT UG JANTAR,BARTOSZ NATALIA
2022,MALBORK 2022,143,nieznana,7,Manikowski Kacper; Gałęska Julia,WIELKOPOLSKI KTP,BUDZIAK MARTA MICHALSKA JOANNA
2022,MALBORK 2022,143,nieznana,7,Sprengel Bartosz; Jonaczyk Aleksandra,PN GDAŃSK,SPRENGEL BARTOSZ
2022,MALBORK 2022,143,nieznana,1,Hemmerling Marcin; Sudzińska Maria,SPKL MŁODY TORUŃ,BILSKA KATARZYNA
2022,MALBORK 2022,143,nieznana,2,Kulczyński Kazimierz; Roik Kamila,WIELKOPOLSKI KTP,BUDZIAK MARTA MICHALSKA JOANNA
2022,MALBORK 2022,143,nieznana,3,Śniedziewski Artur; Pasicka Aleksandra,WIELKOPOLSKI KTP,BUDZIAK MARTA MICHALSKA JOANNA
2022,MALBORK 2022,143,nieznana,1,Piątek Jacek; Piątek Małgorzata,ZPIT UG JANTAR,BARTOSZ NATALIA
2022,MALBORK 2022,143,nieznana,2,Korczyk Kazimierz; Nowak Agata,AKTYWNI SENIORZY BIELSKO-BIAŁA,POLOK ROMANA
2022,WRONKI 2022,142,nieznana,1,Hubert Załęski; Graban Martyna,ZPIT WARMIA,WOJCIECHOWICZ AGNIESZKA
2022,WRONKI 2022,142,nieznana,2,Nowak Andrzej; Iwańczyk Lena,ZPIT UW WARSZAWIANKA,RZĄCA KAROLINA
2022,WRONKI 2022,142,nieznana,3,Czerwiński Mateusz; Saramok Dorota,ZPIT POWIŚLE,GRABOWSKI KONRAD CZERWIŃSKI ŁUKASZ
2022,WRONKI 2022,142,nieznana,4,Nowak Piotr; Przybyszewska Olga,ZTP WRONKI,GALASIŃSKA HANNA
2022,WRONKI 2022,142,nieznana,5,Piórkowski Paweł; Węglarz Maria,ZPIT POWIŚLE,GRABOWSKI KONRAD
2022,WRONKI 2022,142,nieznana,6,Kusyk Jan; Kwit Gabriela,ZPIT POWIŚLE,GRABOWSKI KONRAD
2022,WRONKI 2022,142,nieznana,7,Bartkowski Filip; Laguna-Musielak Maya,ZPIT ŁANIKI,STRZELEWICZ MARTA
2022,WRONKI 2022,142,nieznana,8,Bernacik Mateusz; Baranowska Aleksandra,WIELKOPOLSKI KTP,DOMINIK SKORUPSKI MARTA BUDZIAK
2022,WRONKI 2022,142,nieznana,1,Maraszkiewicz Tomasz; Łukanowska Julia,ZPIT POWIŚLE,GRABOWSKI KONRAD
2022,WRONKI 2022,142,nieznana,2,Anioł Miłosz; Kalemba Karolina,ZTP WRONKI,PODGÓRSKI MICHAŁ
2022,WRONKI 2022,142,nieznana,3,Tomczak Miłosz; Olejniczak Kinga,DZF WIELKOPOLANIE,BANAŚ JADWIGA
2022,WRONKI 2022,142,nieznana,4,Sikora Stanisław; Węcel Kornelia,DZF WIELKOPOLANIE,BANAŚ JADWIGA
2022,WRONKI 2022,142,nieznana,1,Kaźmierczak Michał; Golba Nina,ZTP WRONKI,GALASIŃSKA HANNA
2022,WRONKI 2022,142,nieznana,2,Rutka Marcel; Wojnar Katarzyna,ZPIT KORTOWO UWM,BARAN ALICJA
2022,WRONKI 2022,142,nieznana,3,Witek Jan; Krasnowska Maja,ZPIT KORTOWO UWM,BARAN ALICJA
2022,WRONKI 2022,142,nieznana,4,Bednarczyk Jakub; Wójcik Oliwia,ZPIT POWIŚLE,GRABOWSKI KONRAD
2022,WRONKI 2022,142,nieznana,5,Kaczyński Mikołaj; Walczuk Dorota,ZPIT UW WARSZAWIANKA,RZĄCA KAROLINA
2022,WRONKI 2022,142,nieznana,6,Janda Filip; Celuch Marta,ZPIT UW WARSZAWIANKA,RZĄCA KAROLINA
2022,WRONKI 2022,142,nieznana,7,Hosaja Wojciech; Majewska Michalina,ZTL PROMYKI,KAMIL RZĄCA DARIUSZ SKRZYDLEWSKI DOMINIKA BISIALSKA
2022,WRONKI 2022,142,nieznana,7,Stasiorczyk Jakub; Brukwicz Natalia,ZTL PROMYKI,KAMIL RZĄCA DARIUSZ SKRZYDLEWSKI DOMINIKA BISIALSKA
2022,WRONKI 2022,142,nieznana,9,Braniecki Michał; Owczarek Joanna,ZPIT UW WARSZAWIANKA,RZĄCA KAROLINA
2022,WRONKI 2022,142,nieznana,10,Ostaszewski Adrian; Jabłonowska Róża,ZTL PROMYKI,KAMIL RZĄCA DARIUSZ SKRZYDLEWSKI DOMINIKA BISIALSKA
2022,WRONKI 2022,142,nieznana,11,Kujawski Krzysztof; Judek Zofia,ZTP WRONKI,GALASIŃSKI JAN
2022,WRONKI 2022,142,nieznana,12,Piasek Tobiasz; Starzonek Gabriela,ZTP WRONKI,GALASIŃSKI JAN
2022,WRONKI 2022,142,nieznana,13,Strzelewicz Wiktor; Szwyngel Witkoria,ZPIT ŁANIKI,MICHALSKA JOANNA
2022,WRONKI 2022,142,nieznana,13,Stacherski Gustaw; Zawieja Helena,DZF WIELKOPOLANIE,BANAŚ JADWIGA
2022,WRONKI 2022,142,nieznana,13,Jeckel Leon; Krynicka Alicja,DZF WIELKOPOLANIE,BANAŚ JADWIGA
2022,WRONKI 2022,142,nieznana,16,Florys Szymon; Ruks Amelia,WIELKOPOLSKI KTP,BUDZIAK MARTA
2022,WRONKI 2022,142,nieznana,17,Madzio Tymon; Kowalska Alicja,ZPIT ŁANIKI,STRZELEWICZ MARTA
2022,WRONKI 2022,142,nieznana,17,Waliszewski Oskar; Skotnicka Lena,ZPIT ŁANIKI,STRZELEWICZ MARTA
2022,WRONKI 2022,142,nieznana,19,Gruszka Tymon; Osetek Maja,ZPIT KORTOWO UWM,BARAN ALICJA
2022,WRONKI 2022,142,nieznana,19,Garbowski Antoni; Zajkiewicz Helena,ZPIT ŁANIKI,STRZELEWICZ MARTA
2022,WRONKI 2022,142,nieznana,19,Słomski Franciszek; Miłoś Katarzyna,ZPIT ŁANIKI,STRZELEWICZ MARTA
2022,WRONKI 2022,142,nieznana,22,Ląd Oliwier; Rataj Paulina,ZPIT MALI LASOWIACY,SIKORA - BUCIOR MAGDALENA
2022,WRONKI 2022,142,nieznana,22,Tomasiak Tobiasz; Lipa Martyna,ZPIT POWIŚLE,GRABOWSKI KONRAD
2022,WRONKI 2022,142,nieznana,22,Szacht Sylwester; Szubińska Dominika,WIELKOPOLSKI KTP,DOMINIK SKORUPSKI MARTA BUDZIAK
2022,WRONKI 2022,142,nieznana,25,Beetz Karol; Czulińska Matilda,ZPIT MALI LASOWIACY,SIKORA - BUCIOR MAGDALENA
2022,WRONKI 2022,142,nieznana,1,Burzyński Piotr; Czerska Hanna,ZPIT UW WARSZAWIANKA,RZĄCA KAROLINA
2022,WRONKI 2022,142,nieznana,2,Grobel Hubert; Szlendak Maria,ZPIT POWIŚLE,GRABOWSKI KONRAD
2022,WRONKI 2022,142,nieznana,3,Chodkowski Ignacy; Szymańska Antonia,ZPIT UW WARSZAWIANKA,RZĄCA KAROLINA
2022,WRONKI 2022,142,nieznana,4,Węgliński Antoni; Strzelewicz Amelia,ZPIT ŁANIKI,MICHALSKA JOANNA
2022,WRONKI 2022,142,nieznana,5,Żaluk Piotr; Bańkowska Antonina,ZTL PROMYKI,KAMIL RZĄCA DARIUSZ SKRZYDLEWSKI DOMINIKA BISIALSKA
2022,WRONKI 2022,142,nieznana,6,Łyszcz Mikołaj; Wojnicka Amelia,ZPIT POWIŚLE,GRABOWSKI KONRAD
2022,WRONKI 2022,142,nieznana,7,Nowak Adam; Chojan Zofia,ZTP WRONKI,PODGÓRSKI MICHAŁ
2022,WRONKI 2022,142,nieznana,7,Wysocki Robert; Filipek Julia,ZPIT POWIŚLE,GRABOWSKI KONRAD
2022,WRONKI 2022,142,nieznana,9,Szubiński Arkadiusz; Wdowiak Małgorzata,WIELKOPOLSKI KTP,DOMINIK SKORUPSKI MARTA BUDZIAK
2022,WRONKI 2022,142,nieznana,10,Bashlykou Aliaksandr; Pogodska Hanna,ZPIT ŁANIKI,MICHALSKA JOANNA
2022,WRONKI 2022,142,nieznana,10,Barczyk Adam; Bartkowska Nina,ZPIT ŁANIKI,
2022,WRONKI 2022,142,nieznana,12,Małek Michał; Bednarz Magdalena,ZPIT MALI LASOWIACY,SIKORA - BUCIOR MAGDALENA
2022,WRONKI 2022,142,nieznana,13,Tubielewicz Jakub; Kaniewska Karolina,ZPIT MALI LASOWIACY,SIKORA - BUCIOR MAGDALENA
2022,WRONKI 2022,142,nieznana,1,Matuszak Mateusz; Piaskowska-Niszczak Olga,ZTP WRONKI,GALASIŃSKA HANNA
2022,WRONKI 2022,142,nieznana,2,Burzyński Piotr; Czerska Hanna,ZPIT UW WARSZAWIANKA,RZĄCA KAROLINA
2022,WRONKI 2022,142,nieznana,3,Grobel Hubert; Szlendak Maria,ZPIT POWIŚLE,GRABOWSKI KONRAD
2022,WRONKI 2022,142,nieznana,4,Chodkowski Ignacy; Szymańska Antonia,ZPIT UW WARSZAWIANKA,RZĄCA KAROLINA
2022,WRONKI 2022,142,nieznana,5,Węgliński Antoni; Strzelewicz Amelia,ZPIT ŁANIKI,MICHALSKA JOANNA
2022,WRONKI 2022,142,nieznana,7,Barczyk Adam; Bartkowska Nina,ZPIT ŁANIKI,
2022,WRONKI 2022,142,nieznana,8,Żaluk Piotr; Bańkowska Antonina,ZTL PROMYKI,KAMIL RZĄCA DARIUSZ SKRZYDLEWSKI DOMINIKA BISIALSKA
2022,WRONKI 2022,142,nieznana,9,Nowak Adam; Chojan Zofia,ZTP WRONKI,PODGÓRSKI MICHAŁ
2022,WRONKI 2022,142,nieznana,10,Wysocki Robert; Filipek Julia,ZPIT POWIŚLE,GRABOWSKI KONRAD
2022,WRONKI 2022,142,nieznana,11,Bashlykou Aliaksandr; Pogodska Hanna,ZPIT ŁANIKI,MICHALSKA JOANNA
2022,WRONKI 2022,142,nieznana,11,Szubiński Arkadiusz; Wdowiak Małgorzata,WIELKOPOLSKI KTP,DOMINIK SKORUPSKI MARTA BUDZIAK
2022,WRONKI 2022,142,nieznana,13,Małek Michał; Bednarz Magdalena,ZPIT MALI LASOWIACY,SIKORA - BUCIOR MAGDALENA
2022,WRONKI 2022,142,nieznana,14,Tubielewicz Jakub; Kaniewska Karolina,ZPIT MALI LASOWIACY,SIKORA - BUCIOR MAGDALENA
2022,WRONKI 2022,142,nieznana,1,Spirka Bartłomiej; Kulka Zofia,ZF WIELKOPOLANIE,GALASIŃSKI JAN
2022,WRONKI 2022,142,nieznana,2,Iwańczyk Jakub; Toboła Maria,ZPIT UW WARSZAWIANKA,TEPEREK JAKUB
2022,WRONKI 2022,142,nieznana,3,Zastróżny Daniel; Góral Amelia,ZTP WRONKI,GALASIŃSKA HANNA
2022,WRONKI 2022,142,nieznana,4,Solarski Mateusz; Jezierska Zuzanna,ZTP WRONKI,GALASIŃSKA HANNA
2022,WRONKI 2022,142,nieznana,1,Maciejewski Jerzy; Toboła Julia,ZPIT UW WARSZAWIANKA,TEPEREK JAKUB
2022,WRONKI 2022,142,nieznana,2,Zych Maciej; Wójtowicz Helena,ZPIT UW WARSZAWIANKA,RZĄCA KAROLINA
2022,WRONKI 2022,142,nieznana,3,Pieniak Tobiasz; Dominiczak Anna,ZPIT WARMIA,WOJCIECHOWICZ AGNIESZKA
2022,WRONKI 2022,142,nieznana,4,Kamiński Wojciech; Kulka Maria,ZF WIELKOPOLANIE,BANAŚ JADWIGA
2022,WRONKI 2022,142,nieznana,5,Krobski Maksymilian; Czaińska Oliwia,ZF WIELKOPOLANIE,GALASIŃSKI JAN
2022,WRONKI 2022,142,nieznana,6,Wylęgły Bartosz; Rydelek Jagoda,ZTL PROMYKI,KAMIL RZĄCA DARIUSZ SKRZYDLEWSKI DOMINIKA BISIALSKA
2022,WRONKI 2022,142,nieznana,7,Link Mateusz; Przyborska Marta,ZPIT WARMIA,WOJCIECHOWICZ AGNIESZKA
2022,WRONKI 2022,142,nieznana,8,Szymański Kamil; Barabasz Paulina,ZTL PROMYKI,KAMIL RZĄCA DARIUSZ SKRZYDLEWSKI DOMINIKA BISIALSKA
2022,WRONKI 2022,142,nieznana,9,Miłoś Aleksander; Nowacka Bogumiła,ZPIT ŁANIKI,MICHALSKA JOANNA
2022,WRONKI 2022,142,nieznana,1,Pasiut Paweł; Ziółek Weronika,ZPIT UW WARSZAWIANKA,TEPEREK JAKUB
2022,WRONKI 2022,142,nieznana,2,Dwóżnik Tomasz; Matuszak Nadia,ZTP WRONKI,GALASIŃSKI JAN
2022,WRONKI 2022,142,nieznana,3,Skorupski Dominik; Skwara Bogumiła,WIELKOPOLSKI KTP,BUDZIAK MARTA MICHALSKA JOANNA
2022,WRONKI 2022,142,nieznana,1,Pracki Marcin; Jekiełek Julianna,ZPIT UW WARSZAWIANKA,PÓŹNIEWSKI NORBERT
2022,WRONKI 2022,142,nieznana,2,Hertrampf Piotr; Staniszewska Patrycja,ZPIT KORTOWO UWM,BARAN ALICJA
2022,WRONKI 2022,142,nieznana,3,Zych Mateusz; Białek Karolina,ZPIT UW WARSZAWIANKA,PÓŹNIEWSKI NORBERT
2022,WRONKI 2022,142,nieznana,1,Taškinas Modestas; Kurashkevych Oleksandra,ZPIT UG JANTAR,BARTOSZ NATALIA
2022,WRONKI 2022,142,nieznana,2,Cichocki Michał; Budziak Marta,WIELKOPOLSKI KTP,BUDZIAK MARTA MICHALSKA JOANNA
2022,WRONKI 2022,142,nieznana,3,Grzejszczyk Mariusz; Borkowska Klaudia,ZPIT UW WARSZAWIANKA,PÓŹNIEWSKI NORBERT
2022,WRONKI 2022,142,nieznana,4,Podgórski Michał; Michałek Jagoda,ZTP WRONKI,GALASIŃSKI JAN
2022,WRONKI 2022,142,nieznana,5,Obolewicz Szymon; Pospiech Agata,ZF WIELKOPOLANIE,AGATA POSPIECH SZYMON OBOLEWICZ
2022,WRONKI 2022,142,nieznana,6,Manikowski Kacper; Gałęska Julia,WIELKOPOLSKI KTP,BUDZIAK MARTA MICHALSKA JOANNA
2022,WRONKI 2022,142,nieznana,7,Budka Bartłomiej; Ruks Joanna,WIELKOPOLSKI KTP,BUDZIAK MARTA MICHALSKA JOANNA
2022,WRONKI 2022,142,nieznana,8,Sprengel Bartosz; Jonaczyk Aleksandra,PN GDAŃSK,SPRENGEL BARTOSZ
2022,WRONKI 2022,142,nieznana,1,Naskręt Marcin; Strzelewicz Marta,WIELKOPOLSKI KTP,BUDZIAK MARTA MICHALSKA JOANNA
2022,WRONKI 2022,142,nieznana,2,Hemmerling Marcin; Sudzińska Maria,SPKL MŁODY TORUŃ,BILSKA KATARZYNA
2022,WRONKI 2022,142,nieznana,3,Śniedziewski Artur; Pasicka Aleksandra,WIELKOPOLSKI KTP,BUDZIAK MARTA MICHALSKA JOANNA
2022,WRONKI 2022,142,nieznana,4,Kulczyński Kazimierz; Roik Kamila,WIELKOPOLSKI KTP,BUDZIAK MARTA MICHALSKA JOANNA
2022,WRONKI 2022,142,nieznana,5,Mańkowski Robert; Mańkowska Beata,SPKL MŁODY TORUŃ,BILSKA KATARZYNA
2022,WRONKI 2022,142,nieznana,6,Haraś Stanisław; Haraś Diana,ZF WIELKOPOLANIE,GALASIŃSKI JAN
2022,WRONKI 2022,142,nieznana,1,Korczyk Kazimierz; Nowak Agata,AKTYWNI SENIORZY BIELSKO-BIAŁA,POLOK ROMANA
2022,WRONKI 2022,142,nieznana,2,Piątek Jacek; Piątek Małgorzata,ZPIT UG JANTAR,BARTOSZ NATALIA
2022,WRONKI 2022,142,nieznana,3,Krzyżanowski Grzegorz; Sztylka Katarzyna,WIELKOPOLSKI KTP,BUDZIAK MARTA MICHALSKA JOANNA
2022,WRONKI 2022,142,nieznana,1,Teperek Jakub; Kołodko Kamila,ZPIT UW WARSZAWIANKA,PÓŹNIEWSKI NORBERT
2022,WRONKI 2022,142,nieznana,2,Pasiut Paweł; Ziółek Weronika,ZPIT UW WARSZAWIANKA,TEPEREK JAKUB
2022,WRONKI 2022,142,nieznana,3,Pracki Marcin; Jekiełek Julianna,ZPIT UW WARSZAWIANKA,PÓŹNIEWSKI NORBERT
2022,WRONKI 2022,142,nieznana,4,Dwóżnik Tomasz; Matuszak Nadia,ZTP WRONKI,GALASIŃSKI JAN
2022,WRONKI 2022,142,nieznana,5,Skorupski Dominik; Skwara Bogumiła,WIELKOPOLSKI KTP,BUDZIAK MARTA MICHALSKA JOANNA
2022,WRONKI 2022,142,nieznana,6,Hertrampf Piotr; Staniszewska Patrycja,ZPIT KORTOWO UWM,BARAN ALICJA
2022,WRONKI 2022,142,nieznana,7,Zych Mateusz; Białek Karolina,ZPIT UW WARSZAWIANKA,PÓŹNIEWSKI NORBERT
2022,SZCZECIN 2022,141,nieznana,1,Czerwiński Mateusz; Saramok Dorota,ZPIT POWIŚLE,GRABOWSKI KONRAD CZERWIŃSKI ŁUKASZ
2022,SZCZECIN 2022,141,nieznana,2,Piórkowski Paweł; Węglarz Maria,ZPIT POWIŚLE,GRABOWSKI KONRAD
2022,SZCZECIN 2022,141,nieznana,3,Kusyk Jan; Kwit Gabriela,ZPIT POWIŚLE,GRABOWSKI KONRAD
2022,SZCZECIN 2022,141,nieznana,4,Nowak Piotr; Przybyszewska Olga,ZTP WRONKI,GALASIŃSKA HANNA
2022,SZCZECIN 2022,141,nieznana,5,Bernacik Mateusz; Baranowska Aleksandra,WIELKOPOLSKI KTP,DOMINIK SKORUPSKI MARTA BUDZIAK
2022,SZCZECIN 2022,141,nieznana,6,Gawron Jan; Rzepka Łucja,ZPIT SZCZECINIANIE,JABCOŃ MONIKA
2022,SZCZECIN 2022,141,nieznana,7,Kubis Adam; Kubiak Berenika,ZPIT SZCZECINIANIE,JABCOŃ MONIKA
2022,SZCZECIN 2022,141,nieznana,8,Bobowski Mieszko; Ott Adrianna,ZPIT SZCZECINIANIE,OTT-KAMIŃSKA EWA
2022,SZCZECIN 2022,141,nieznana,9,Chudoment Ryszard; Bąkowska Marcelina,ZPIT SZCZECINIANIE,OTT-KAMIŃSKA EWA
2022,SZCZECIN 2022,141,nieznana,1,Anioł Miłosz; Kalemba Karolina,ZTP WRONKI,PODGÓRSKI MICHAŁ
2022,SZCZECIN 2022,141,nieznana,2,Tomczak Miłosz; Olejniczak Kinga,DZF WIELKOPOLANIE,BANAŚ JADWIGA
2022,SZCZECIN 2022,141,nieznana,3,Maraszkiewicz Tomasz; Łukanowska Julia,ZPIT POWIŚLE,GRABOWSKI KONRAD
2022,SZCZECIN 2022,141,nieznana,1,Sikora Stanisław; Węcel Kornelia,DZF WIELKOPOLANIE,BANAŚ JADWIGA
2022,SZCZECIN 2022,141,nieznana,2,Piątek Ignacy; Kamińska Antonina,ZPIT SZCZECINIANIE,OTT-KAMIŃSKA EWA
2022,SZCZECIN 2022,141,nieznana,3,Kaźmierczak Michał; Golba Nina,ZTP WRONKI,GALASIŃSKA HANNA
2022,SZCZECIN 2022,141,nieznana,4,Piasek Tobiasz; Starzonek Gabriela,ZTP WRONKI,GALASIŃSKI JAN
2022,SZCZECIN 2022,141,nieznana,5,Stacherski Gustaw; Zawieja Helena,DZF WIELKOPOLANIE,BANAŚ JADWIGA
2022,SZCZECIN 2022,141,nieznana,6,Florys Szymon; Ruks Amelia,WIELKOPOLSKI KTP,BUDZIAK MARTA
2022,SZCZECIN 2022,141,nieznana,7,Jeckel Leon; Krynicka Alicja,DZF WIELKOPOLANIE,BANAŚ JADWIGA
2022,SZCZECIN 2022,141,nieznana,8,Mularczyk Dawid; Laskowska Monika,ZPIT SZCZECINIANIE,
2022,SZCZECIN 2022,141,nieznana,1,Łyszcz Mikołaj; Wojnicka Amelia,ZPIT POWIŚLE,GRABOWSKI KONRAD
2022,SZCZECIN 2022,141,nieznana,2,Rosołowski Jakub; Kamińska Zofia,ZPIT SZCZECINIANIE,OTT-KAMIŃSKA EWA
2022,SZCZECIN 2022,141,nieznana,3,Komorek Sergiusz; Charalampous Emilia,MLZPIT KRAKOWIAK,KRUCZEK ANNA
2022,SZCZECIN 2022,141,nieznana,4,Grobel Hubert; Szlendak Maria,ZPIT POWIŚLE,GRABOWSKI KONRAD
2022,SZCZECIN 2022,141,nieznana,5,Szubiński Arkadiusz; Wdowiak Małgorzata,WIELKOPOLSKI KTP,DOMINIK SKORUPSKI MARTA BUDZIAK
2022,SZCZECIN 2022,141,nieznana,6,Ober Michał; Sęczawa Amelia,ZPIT SZCZECINIANIE,JABCOŃ MONIKA
2022,SZCZECIN 2022,141,nieznana,1,Matuszak Mateusz; Piaskowska-Niszczak Olga,ZTP WRONKI,GALASIŃSKA HANNA
2022,SZCZECIN 2022,141,nieznana,2,Komorek Sergiusz; Charalampous Emilia,MLZPIT KRAKOWIAK,KRUCZEK ANNA
2022,SZCZECIN 2022,141,nieznana,3,Rosołowski Jakub; Kamińska Zofia,ZPIT SZCZECINIANIE,OTT-KAMIŃSKA EWA
2022,SZCZECIN 2022,141,nieznana,1,Spirka Bartłomiej; Kulka Zofia,ZF WIELKOPOLANIE,GALASIŃSKI JAN
2022,SZCZECIN 2022,141,nieznana,2,Solarski Mateusz; Jezierska Zuzanna,ZTP WRONKI,GALASIŃSKA HANNA
2022,SZCZECIN 2022,141,nieznana,3,Zastróżny Daniel; Góral Amelia,ZTP WRONKI,GALASIŃSKA HANNA
2022,SZCZECIN 2022,141,nieznana,2,Zastróżny Daniel; Góral Amelia,ZTP WRONKI,GALASIŃSKA HANNA
2022,SZCZECIN 2022,141,nieznana,3,Solarski Mateusz; Jezierska Zuzanna,ZTP WRONKI,GALASIŃSKA HANNA
2022,SZCZECIN 2022,141,nieznana,4,Trzciński Tymoteusz; Markowska Anna,ZPIT SZCZECINIANIE,OTT-KAMIŃSKA EWA
2022,SZCZECIN 2022,141,nieznana,1,Cichocki Michał; Budziak Marta,WIELKOPOLSKI KTP,BUDZIAK MARTA MICHALSKA JOANNA
2022,SZCZECIN 2022,141,nieznana,2,Podgórski Michał; Michałek Jagoda,ZTP WRONKI,GALASIŃSKI JAN
2022,SZCZECIN 2022,141,nieznana,3,Obolewicz Szymon; Pospiech Agata,ZF WIELKOPOLANIE,GALASIŃSKI JAN
2022,SZCZECIN 2022,141,nieznana,4,Budka Bartłomiej; Ruks Joanna,WIELKOPOLSKI KTP,BUDZIAK MARTA MICHALSKA JOANNA
2022,SZCZECIN 2022,141,nieznana,5,Sprengel Bartosz; Jonaczyk Aleksandra,PN GDAŃSK,SPRENGEL BARTOSZ
2022,SZCZECIN 2022,141,nieznana,1,Naskręt Marcin; Strzelewicz Marta,WIELKOPOLSKI KTP,BUDZIAK MARTA MICHALSKA JOANNA
2022,SZCZECIN 2022,141,nieznana,2,Śniedziewski Artur; Pasicka Aleksandra,WIELKOPOLSKI KTP,BUDZIAK MARTA MICHALSKA JOANNA
2022,SZCZECIN 2022,141,nieznana,3,Kulczyński Kazimierz; Roik Kamila,WIELKOPOLSKI KTP,BUDZIAK MARTA MICHALSKA JOANNA
2022,WIELISZEW 2022,139,nieznana,1,Czerwiński Mateusz; Saramok Dorota,ZPIT POWIŚLE,GRABOWSKI KONRAD CZERWIŃSKI ŁUKASZ
2022,WIELISZEW 2022,139,nieznana,2,Klimkiewicz Bartosz; Iwańczak Zofia,ZPIT ZAMOJSZCZYZNA,HILDEBRAND MONIKA
2022,WIELISZEW 2022,139,nieznana,3,Piórkowski Paweł; Węglarz Maria,ZPIT POWIŚLE,GRABOWSKI KONRAD
2022,WIELISZEW 2022,139,nieznana,4,Hubert Załęski; Graban Martyna,ZPIT WARMIA,WOJCIECHOWICZ AGNIESZKA
2022,WIELISZEW 2022,139,nieznana,5,Nowicki Ksawery; Panuś Nadia,KPT STAWIGUDA,NITKIEWICZ MONIKA
2022,WIELISZEW 2022,139,nieznana,6,Kusyk Jan; Kwit Gabriela,ZPIT POWIŚLE,GRABOWSKI KONRAD
2022,WIELISZEW 2022,139,nieznana,7,Nowak Andrzej; Iwańczyk Lena,ZPIT UW WARSZAWIANKA,RZĄCA KAROLINA
2022,WIELISZEW MP 2022,140,nieznana,1,Zabrocki Juliusz; Ciok Zofia,ZPIT MAŁE ŻUŁAWY,CIOK ANETTA
2022,WIELISZEW MP 2022,140,nieznana,2,Pulchny Mateusz; Badzińska Oliwia,MLZPIT KRAKOWIAK,KRUCZEK ANNA
2022,WIELISZEW MP 2022,140,nieznana,3,Matuszak Mateusz; Piaskowska-Niszczak Olga,ZTP WRONKI,JAN GALASIŃSKI MICHAŁ PODGÓRSKI
2022,WIELISZEW MP 2022,140,nieznana,4,Woźniak Jan; Jasińska Karolina,ZPIT MALBORK,CIOK ANETTA
2022,WIELISZEW MP 2022,140,nieznana,5,Korniluk Mateusz; Panasiuk Izabela,ZPIT MAŁE PODLASIE,LESZCZYŃSKI KAMIL
2022,WIELISZEW MP 2022,140,nieznana,6,Wawrzynek Tymon; Kirchner Adrianna,DZF WIELKOPOLANIE,BANAŚ JADWIGA
2022,WIELISZEW MP 2022,140,nieznana,7,Hildebrand Rafał; Droździel Zuzanna,ZPIT ZAMOJSZCZYZNA,HILDEBRAND MONIKA
2022,WIELISZEW MP 2022,140,nieznana,8,Burzyński Piotr; Czerska Hanna,ZPIT UW WARSZAWIANKA,RZĄCA KAROLINA
2022,WIELISZEW MP 2022,140,nieznana,9,Kosiński Zbigniew; Owczarska Urszula,ZPIT MAŁE PODLASIE,LESZCZYŃSKI KAMIL
2022,WIELISZEW MP 2022,140,nieznana,9,Łyszcz Mikołaj; Wojnicka Amelia,ZPIT POWIŚLE,GRABOWSKI KONRAD
2022,WIELISZEW MP 2022,140,nieznana,11,Zieliński Kamil; Kamińska Zofia,ZPIT SZCZECINIANIE,OTT-KAMIŃSKA EWA
2022,WIELISZEW MP 2022,140,nieznana,12,Fos Szymon; Górniak Judyta,ZPIT MAŁE ŻUŁAWY,CIOK ANETTA
2022,WIELISZEW MP 2022,140,nieznana,13,Grobel Hubert; Szlendak Maria,ZPIT POWIŚLE,GRABOWSKI KONRAD
2022,WIELISZEW MP 2022,140,nieznana,14,Załęski Wiktor; Iwanow Alicja,ZPIT WARMIA,WOJCIECHOWICZ AGNIESZKA
2022,WIELISZEW MP 2022,140,nieznana,15,Żaluk Piotr; Bańkowska Antonina,ZTL PROMYKI,KAMIL RZĄCA DARIUSZ SKRZYDLEWSKI DOMINIKA BISIALSKA
2022,WIELISZEW MP 2022,140,nieznana,16,Wierzbicki Jakub; Piersa Anna,KPT STAWIGUDA,
2022,WIELISZEW MP 2022,140,nieznana,16,Gnatowski Patryk; Czapiuk Zofia,ZPIT MAŁE PODLASIE,LESZCZYŃSKI KAMIL
2022,WIELISZEW MP 2022,140,nieznana,18,Olszewski Dominik; Paterek Gabriela,KTP TOŁWIN,LESZCZYŃSKI KAMIL
2022,WIELISZEW MP 2022,140,nieznana,19,Małek Michał; Bednarz Magdalena,ZPIT MALI LASOWIACY,SIKORA - BUCIOR MAGDALENA
2022,WIELISZEW MP 2022,140,nieznana,20,Tubielewicz Jakub; Kaniewska Karolina,ZPIT MALI LASOWIACY,SIKORA - BUCIOR MAGDALENA
2022,WIELISZEW MP 2022,140,nieznana,1,Anioł Miłosz; Kalemba Karolina,ZTP WRONKI,JAN GALASIŃSKI MICHAŁ PODGÓRSKI
2022,WIELISZEW MP 2022,140,nieznana,2,Kaczyński Mikołaj; Walczuk Dorota,ZPIT UW WARSZAWIANKA,RZĄCA KAROLINA
2022,WIELISZEW MP 2022,140,nieznana,3,Tomczak Miłosz; Olejniczak Kinga,DZF WIELKOPOLANIE,BANAŚ JADWIGA
2022,WIELISZEW MP 2022,140,nieznana,4,Tomasz Bryś; Mikołajczak Helena,DZF WIELKOPOLANIE,BANAŚ JADWIGA
2022,WIELISZEW MP 2022,140,nieznana,5,Maraszkiewicz Tomasz; Łukanowska Julia,ZPIT POWIŚLE,GRABOWSKI KONRAD
2022,WIELISZEW MP 2022,140,nieznana,6,Rutka Marcel; Wojnar Katarzyna,ZPIT KORTOWO UWM,BARAN ALICJA
2022,WIELISZEW MP 2022,140,nieznana,7,Witek Jan; Krasnowska Maja,ZPIT KORTOWO UWM,BARAN ALICJA
2022,WIELISZEW MP 2022,140,nieznana,7,Janda Filip; Celuch Marta,ZPIT UW WARSZAWIANKA,RZĄCA KAROLINA
2022,WIELISZEW MP 2022,140,nieznana,9,Zastróżny Mikołaj; Golba Nina,ZTP WRONKI,JAN GALASIŃSKI MICHAŁ PODGÓRSKI
2022,WIELISZEW MP 2022,140,nieznana,10,Braniecki Michał; Owczarek Joanna,ZPIT UW WARSZAWIANKA,RZĄCA KAROLINA
2022,WIELISZEW MP 2022,140,nieznana,11,Bednarczyk Jakub; Wójcik Oliwia,ZPIT POWIŚLE,GRABOWSKI KONRAD
2022,WIELISZEW MP 2022,140,nieznana,12,Cichocki Antoni; Mączka Julita,ZPIT POWIŚLE,GRABOWSKI KONRAD
2022,WIELISZEW MP 2022,140,nieznana,13,Kościuszko Dominik; Jabłońska Julia,ZPIT ZAMOJSZCZYZNA,MONIKA HILDEBRAND JOLANTA KALINOWSKA-OBST MONIKA HILDEBRAND JOLANTA KALINOWSKA-OBST
2022,WIELISZEW MP 2022,140,nieznana,13,Hosaja Wojciech; Majewska Michalina,ZTL PROMYKI,KAMIL RZĄCA DARIUSZ SKRZYDLEWSKI DOMINIKA BISIALSKA
2022,WIELISZEW MP 2022,140,nieznana,13,Stasiorczyk Jakub; Brukwicz Natalia,ZTL PROMYKI,KAMIL RZĄCA DARIUSZ SKRZYDLEWSKI DOMINIKA BISIALSKA
2022,WIELISZEW MP 2022,140,nieznana,16,Ostaszewski Adrian; Jabłonowska Róża,ZTL PROMYKI,KAMIL RZĄCA DARIUSZ SKRZYDLEWSKI DOMINIKA BISIALSKA
2022,WIELISZEW MP 2022,140,nieznana,16,Pikor Piotr; Szymańska Amelia,ZPIT ZAMOJSZCZYZNA,HILDEBRAND MONIKA
2022,WIELISZEW MP 2022,140,nieznana,18,Zapała Dawid; Gdowik Anna,MLZPIT KRAKOWIAK,KRUCZEK ANNA
2022,WIELISZEW MP 2022,140,nieznana,18,Piątek Ignacy; Kamińska Antonina,ZPIT SZCZECINIANIE,OTT-KAMIŃSKA EWA
2022,WIELISZEW MP 2022,140,nieznana,20,Gil Jakub; Błaszczak Alicja,ZTL MAŁY GŁUSK,TRYNISZEWSKI DAMIAN
2022,WIELISZEW MP 2022,140,nieznana,21,Gruszka Tymon; Osetek Maja,ZPIT KORTOWO UWM,BARAN ALICJA
2022,WIELISZEW MP 2022,140,nieznana,21,Typek Wojciech; Żaluk Barbara,ZTL PROMYKI,KAMIL RZĄCA DARIUSZ SKRZYDLEWSKI DOMINIKA BISIALSKA
2022,WIELISZEW MP 2022,140,nieznana,23,Tomasiak Tobiasz; Lipa Martyna,ZPIT POWIŚLE,GRABOWSKI KONRAD
2022,WIELISZEW MP 2022,140,nieznana,23,Typek Paweł; Fijałkowska Ariana,ZTL PROMYKI,KAMIL RZĄCA DARIUSZ SKRZYDLEWSKI DOMINIKA BISIALSKA
2022,WIELISZEW MP 2022,140,nieznana,25,Ląd Oliwier; Rataj Paulina,ZPIT MALI LASOWIACY,SIKORA - BUCIOR MAGDALENA
2022,WIELISZEW MP 2022,140,nieznana,26,Beetz Karol; Czulińska Matilda,ZPIT MALI LASOWIACY,SIKORA - BUCIOR MAGDALENA
2022,WIELISZEW MP 2022,140,nieznana,1,Iwańczyk Jakub; Toboła Maria,ZPIT UW WARSZAWIANKA,WRÓBLEWSKA PAULINA TEPEREK JAKUB
2022,WIELISZEW MP 2022,140,nieznana,2,Spirka Bartłomiej; Kulka Zofia,ZF WIELKOPOLANIE,GALASIŃSKI JAN
2022,WIELISZEW MP 2022,140,nieznana,3,Maciejewski Jerzy; Toboła Julia,ZPIT UW WARSZAWIANKA,TEPEREK JAKUB
2022,WIELISZEW MP 2022,140,nieznana,4,Zastróżny Daniel; Góral Amelia,ZTP WRONKI,JAN GALASIŃSKI MICHAŁ PODGÓRSKI
2022,WIELISZEW MP 2022,140,nieznana,5,Solarski Mateusz; Jezierska Zuzanna,ZTP WRONKI,JAN GALASIŃSKI MICHAŁ PODGÓRSKI
2022,WIELISZEW MP 2022,140,nieznana,6,Wylęgły Bartosz; Rydelek Jagoda,ZTL PROMYKI,KAMIL RZĄCA DARIUSZ SKRZYDLEWSKI DOMINIKA BISIALSKA
2022,WIELISZEW MP 2022,140,nieznana,7,Zych Maciej; Wójtowicz Helena,ZPIT UW WARSZAWIANKA,RZĄCA KAROLINA
2022,WIELISZEW MP 2022,140,nieznana,8,Trzciński Tymoteusz; Markowska Anna,ZPIT SZCZECINIANIE,OTT-KAMIŃSKA EWA
2022,WIELISZEW MP 2022,140,nieznana,9,Kryński Kacper; Milewska Magdalena,ZPIT MAŁE PODLASIE,LESZCZYŃSKI KAMIL
2022,WIELISZEW MP 2022,140,nieznana,10,Krupa Franciszek; Ciekanowska Hanna,ZPIT UW WARSZAWIANKA,TEPEREK JAKUB
2022,WIELISZEW MP 2022,140,nieznana,11,Dziuba Wojciech; Klimkiewicz Julia,ZPIT ZAMOJSZCZYZNA,MONIKA HILDEBRAND JOLANTA KALINOWSKA-OBST MONIKA HILDEBRAND JOLANTA KALINOWSKA-OBST
2022,WIELISZEW MP 2022,140,nieznana,12,Wróblewski Damian; Siemczyk Milena,ZPIT ZAMOJSZCZYZNA,HILDEBRAND MONIKA
2022,WIELISZEW MP 2022,140,nieznana,13,Szymański Kamil; Barabasz Paulina,ZTL PROMYKI,KAMIL RZĄCA DARIUSZ SKRZYDLEWSKI DOMINIKA BISIALSKA
2022,WIELISZEW MP 2022,140,nieznana,13,Link Mateusz; Przyborska Marta,ZPIT WARMIA,WOJCIECHOWICZ AGNIESZKA
2022,WIELISZEW MP 2022,140,nieznana,15,Krupa Kacper; Gaszewska Zuzanna,ZPIT UW WARSZAWIANKA,TEPEREK JAKUB
2022,WIELISZEW MP 2022,140,nieznana,15,Grzyb Krzysztof; Kosińska Milena,ZPIT MAŁE PODLASIE,LESZCZYŃSKI KAMIL
2022,WIELISZEW MP 2022,140,nieznana,1,Piątek Jacek; Piątek Małgorzata,ZPIT UG JANTAR,FEL-TUKALSKA ANNA
2022,WIELISZEW MP 2022,140,nieznana,1,Krzyżanowski Grzegorz; Sztylka Katarzyna,WIELKOPOLSKI KTP,BUDZIAK MARTA MICHALSKA JOANNA
2022,WIELISZEW MP 2022,140,nieznana,1,Naskręt Marcin; Strzelewicz Marta,WIELKOPOLSKI KTP,BUDZIAK MARTA MICHALSKA JOANNA
2022,WIELISZEW MP 2022,140,nieznana,2,Hemmerling Marcin; Sudzińska Maria,SPKL MŁODY TORUŃ,BILSKA KATARZYNA
2022,WIELISZEW MP 2022,140,nieznana,3,Kołodziej Grzegorz; Fedyniak-Kołodziej Anna,ZPIT UG JANTAR,FEL-TUKALSKA ANNA
2022,WIELISZEW MP 2022,140,nieznana,4,Kulczyński Kazimierz; Roik Kamila,WIELKOPOLSKI KTP,BUDZIAK MARTA MICHALSKA JOANNA
2022,WIELISZEW MP 2022,140,nieznana,5,Mańkowski Robert; Mańkowska Beata,SPKL MŁODY TORUŃ,BILSKA KATARZYNA
2022,WIELISZEW MP 2022,140,nieznana,6,Śniedziewski Artur; Pasicka Aleksandra,WIELKOPOLSKI KTP,BUDZIAK MARTA MICHALSKA JOANNA
2022,WIELISZEW MP 2022,140,nieznana,7,Haraś Stanisław; Haraś Diana,ZF WIELKOPOLANIE,GALASIŃSKI JAN
2022,WIELISZEW MP 2022,140,nieznana,8,Molski Michał; Wilgos Marlena,ZTL PROMYKI,KAMIL RZĄCA DARIUSZ SKRZYDLEWSKI DOMINIKA BISIALSKA
2022,WIELISZEW MP 2022,140,nieznana,9,Kołodziejczyk Andrzej; Nowakowska Monika,"ZPIT PL, LUBLIN",ALEKSANDROWICZ HANNA
2022,WIELISZEW MP 2022,140,nieznana,1,Szyszko Mateusz; Stelmaszewska Magdalena,ZPIT UW WARSZAWIANKA,TEPEREK JAKUB
2022,WIELISZEW MP 2022,140,nieznana,2,Taškinas Modestas; Kurashkevych Oleksandra,ZPIT UG JANTAR,FEL-TUKALSKA ANNA
2022,WIELISZEW MP 2022,140,nieznana,3,Grzejszczyk Mariusz; Borkowska Klaudia,ZPIT UW WARSZAWIANKA,PÓŹNIEWSKI NORBERT
2022,WIELISZEW MP 2022,140,nieznana,4,Obolewicz Szymon; Pospiech Agata,ZF WIELKOPOLANIE,GALASIŃSKI JAN
2022,WIELISZEW MP 2022,140,nieznana,5,Podgórski Michał; Michałek Jagoda,ZTP WRONKI,GALASIŃSKI JAN
2022,WIELISZEW MP 2022,140,nieznana,6,Cichocki Dawid; Andrzejczak Ada,ZPIT UG JANTAR,BARTOSZ NATALIA
2022,WIELISZEW MP 2022,140,nieznana,7,Pućko Dawid; Charyton Katarzyna,ZPIT MAŁE PODLASIE,CHARYTON KATARZYNA
2022,WIELISZEW MP 2022,140,nieznana,1,Teperek Jakub; Kołodko Kamila,ZPIT UW WARSZAWIANKA,PÓŹNIEWSKI NORBERT
2022,WIELISZEW MP 2022,140,nieznana,2,Teperek Kajetan; Drzas Joanna,ZPIT UW WARSZAWIANKA,PÓŹNIEWSKI NORBERT
2022,WIELISZEW MP 2022,140,nieznana,3,Pasiut Paweł; Ziółek Weronika,ZPIT UW WARSZAWIANKA,WRÓBLEWSKA PAULINA
2022,WIELISZEW MP 2022,140,nieznana,4,Ślęczka Maciej; Serwińska Katarzyna,KTP MAKI I POWOJE,HAJDASZ KATARZYNA
2022,WIELISZEW MP 2022,140,nieznana,5,Rembelski Jakub; Kowalik Julia,ZTL PROMYKI,KAMIL RZĄCA DARIUSZ SKRZYDLEWSKI DOMINIKA BISIALSKA
2022,WIELISZEW MP 2022,140,nieznana,6,Zych Szymon; Ziółek Klaudia,ZPIT UW WARSZAWIANKA,PÓŹNIEWSKI NORBERT
2022,WIELISZEW MP 2022,140,nieznana,7,Šerlat Andžej; Król Katarzyna,ZPIT PW,WOJCIECHOWSKI JAROSŁAW
2022,WIELISZEW MP 2022,140,nieznana,7,Pracki Marcin; Jekiełek Julianna,ZPIT UW WARSZAWIANKA,PÓŹNIEWSKI NORBERT
2022,WIELISZEW MP 2022,140,nieznana,9,Dwóżnik Tomasz; Matuszak Nadia,ZTP WRONKI,JAN GALASIŃSKI MICHAŁ PODGÓRSKI
2022,WIELISZEW MP 2022,140,nieznana,10,Hildebrand Karol; Szycik Natalia,ZPIT UW WARSZAWIANKA,PÓŹNIEWSKI NORBERT
2022,WIELISZEW MP 2022,140,nieznana,11,Zych Mateusz; Białek Karolina,ZPIT UW WARSZAWIANKA,PÓŹNIEWSKI NORBERT
2022,WIELISZEW MP 2022,140,nieznana,12,Domagała Wojciech; Kolińska Kaja,ZPIT DOBCZYCE,KULIK ADRIAN TOPÓR AGNIESZKA
2022,WIELISZEW MP 2022,140,nieznana,13,Baliński Bartosz; Zduniuk Justyna,ZPIT UW WARSZAWIANKA,PÓŹNIEWSKI NORBERT
2022,POZNAŃ 2022,138,nieznana,1,Hubert Załęski; Graban Martyna,ZPIT WARMIA,WOJCIECHOWICZ AGNIESZKA
2022,POZNAŃ 2022,138,nieznana,2,Bartkowski Filip; Laguna-Musielak Maya,ZPIT ŁANIKI,STRZELEWICZ MARTA
2022,POZNAŃ 2022,138,nieznana,3,Bodnar Mikołaj; Skrzypińska Justyna,WIELKOPOLSKI KTP,DOMINIK SKORUPSKI MARTA BUDZIAK
2022,POZNAŃ 2022,138,nieznana,4,Bernacik Mateusz; Baranowska Aleksandra,WIELKOPOLSKI KTP,DOMINIK SKORUPSKI MARTA BUDZIAK
2022,POZNAŃ 2022,138,nieznana,1,Anioł Miłosz; Kalemba Karolina,ZTP WRONKI,JAN GALASIŃSKI MICHAŁ PODGÓRSKI
2022,POZNAŃ 2022,138,nieznana,2,Maraszkiewicz Tomasz; Łukanowska Julia,ZPIT POWIŚLE,GRABOWSKI KONRAD
2022,POZNAŃ 2022,138,nieznana,1,Tomczak Miłosz; Olejniczak Kinga,DZF WIELKOPOLANIE,BANAŚ JADWIGA
2022,POZNAŃ 2022,138,nieznana,2,Sikora Stanisław; Węcel Kornelia,DZF WIELKOPOLANIE,BANAŚ JADWIGA
2022,POZNAŃ 2022,138,nieznana,3,Piasek Tobiasz; Starzonek Gabriela,ZTP WRONKI,JAN GALASIŃSKI MICHAŁ PODGÓRSKI
2022,POZNAŃ 2022,138,nieznana,4,Goch Piotr; Charalampous Adriana,MLZPIT KRAKOWIAK,KRUCZEK ANNA
2022,POZNAŃ 2022,138,nieznana,5,Tomasz Bryś; Mikołajczak Helena,DZF WIELKOPOLANIE,BANAŚ JADWIGA
2022,POZNAŃ 2022,138,nieznana,6,Stasiorczyk Jakub; Brukwicz Natalia,ZTL PROMYKI,KAMIL RZĄCA DARIUSZ SKRZYDLEWSKI DOMINIKA BISIALSKA
2022,POZNAŃ 2022,138,nieznana,7,Stacherski Gustaw; Zawieja Helena,DZF WIELKOPOLANIE,BANAŚ JADWIGA
2022,POZNAŃ 2022,138,nieznana,8,Sienkiewicz Ignacy; Judek Zofia,ZTP WRONKI,JAN GALASIŃSKI MICHAŁ PODGÓRSKI
2022,POZNAŃ 2022,138,nieznana,9,Strzelewicz Wiktor; Szwyngel Witkoria,ZPIT ŁANIKI,MICHALSKA JOANNA
2022,POZNAŃ 2022,138,nieznana,9,Kaźmierczak Michał; Raś Marianna,ZTP WRONKI,JAN GALASIŃSKI MICHAŁ PODGÓRSKI
2022,POZNAŃ 2022,138,nieznana,11,Madzio Tymon; Kowalska Alicja,ZPIT ŁANIKI,STRZELEWICZ MARTA
2022,POZNAŃ 2022,138,nieznana,12,Jeckel Leon; Krynicka Alicja,DZF WIELKOPOLANIE,BANAŚ JADWIGA
2022,POZNAŃ 2022,138,nieznana,13,Hosaja Wojtek; Majewska Michalina,ZTL PROMYKI,KAMIL RZĄCA DARIUSZ SKRZYDLEWSKI DOMINIKA BISIALSKA
2022,POZNAŃ 2022,138,nieznana,14,Bryś Marcin; Sikora Hanna,DZF WIELKOPOLANIE,BANAŚ JADWIGA
2022,POZNAŃ 2022,138,nieznana,14,Kujawski Krzysztof; Jarząb Zuzanna,ZTP WRONKI,JAN GALASIŃSKI MICHAŁ PODGÓRSKI
2022,POZNAŃ 2022,138,nieznana,14,Biniak Władysław; Murmiłło Pola,DZF WIELKOPOLANIE,BANAŚ JADWIGA
2022,POZNAŃ 2022,138,nieznana,17,Waliszewski Oskar; Skotnicka Lena,ZPIT ŁANIKI,STRZELEWICZ MARTA
2022,POZNAŃ 2022,138,nieznana,18,Szacht Sylwester; Szubińska Dominika,WIELKOPOLSKI KTP,DOMINIK SKORUPSKI MARTA BUDZIAK
2022,POZNAŃ 2022,138,nieznana,1,Korniluk Mateusz; Panasiuk Izabela,ZPIT MAŁE PODLASIE,LESZCZYŃSKI KAMIL
2022,POZNAŃ 2022,138,nieznana,2,Wawrzynek Tymon; Kirchner Adrianna,DZF WIELKOPOLANIE,BANAŚ JADWIGA
2022,POZNAŃ 2022,138,nieznana,3,Tworzyk Marek; Fryc Emilia,ZPIT ZIEMIA LISIECKA,KRUCZEK ANNA
2022,POZNAŃ 2022,138,nieznana,1,Kosiński Zbigniew; Owczarska Urszula,ZPIT MAŁE PODLASIE,LESZCZYŃSKI KAMIL
2022,POZNAŃ 2022,138,nieznana,2,Goch Gabriel; Goch Emilia,MLZPIT KRAKOWIAK,KRUCZEK ANNA
2022,POZNAŃ 2022,138,nieznana,3,Łyszcz Mikołaj; Wojnicka Amelia,ZPIT POWIŚLE,GRABOWSKI KONRAD
2022,POZNAŃ 2022,138,nieznana,4,Grobel Hubert; Szlendak Maria,ZPIT POWIŚLE,GRABOWSKI KONRAD
2022,POZNAŃ 2022,138,nieznana,5,Komorek Sergiusz; Charalampous Emilia,MLZPIT KRAKOWIAK,KRUCZEK ANNA
2022,POZNAŃ 2022,138,nieznana,6,Nowak Adam; Chojan Zofia,ZTP WRONKI,JAN GALASIŃSKI MICHAŁ PODGÓRSKI
2022,POZNAŃ 2022,138,nieznana,7,Węgliński Antoni; Strzelewicz Amelia,ZPIT ŁANIKI,MICHALSKA JOANNA
2022,POZNAŃ 2022,138,nieznana,7,Żaluk Piotr; Bańkowska Antonina,ZTL PROMYKI,KAMIL RZĄCA DARIUSZ SKRZYDLEWSKI DOMINIKA BISIALSKA
2022,POZNAŃ 2022,138,nieznana,9,Załęski Wiktor; Iwanow Alicja,ZPIT WARMIA,WOJCIECHOWICZ AGNIESZKA
2022,POZNAŃ 2022,138,nieznana,10,Szubiński Arkadiusz; Wdowiak Małgorzata,WIELKOPOLSKI KTP,DOMINIK SKORUPSKI MARTA BUDZIAK
2022,POZNAŃ 2022,138,nieznana,1,Zastróżny Daniel; Góral Amelia,ZTP WRONKI,JAN GALASIŃSKI MICHAŁ PODGÓRSKI
2022,POZNAŃ 2022,138,nieznana,2,Solarski Mateusz; Jezierska Zuzanna,ZTP WRONKI,JAN GALASIŃSKI MICHAŁ PODGÓRSKI
2022,POZNAŃ 2022,138,nieznana,3,Kryński Kacper; Milewska Magdalena,ZPIT MAŁE PODLASIE,LESZCZYŃSKI KAMIL
2022,POZNAŃ 2022,138,nieznana,4,Krobski Maksymilian; Dykier Zofia,ZF WIELKOPOLANIE,GALASIŃSKI JAN
2022,POZNAŃ 2022,138,nieznana,5,Wylęgły Bartosz; Rydelek Jagoda,ZTL PROMYKI,KAMIL RZĄCA DARIUSZ SKRZYDLEWSKI DOMINIKA BISIALSKA
2022,POZNAŃ 2022,138,nieznana,6,Kamiński Wojciech; Kulka Maria,ZF WIELKOPOLANIE,BANAŚ JADWIGA
2022,POZNAŃ 2022,138,nieznana,7,Link Mateusz; Przyborska Marta,ZPIT WARMIA,WOJCIECHOWICZ AGNIESZKA
2022,POZNAŃ 2022,138,nieznana,8,Nowierski Makary; Zastróżna Julia,ZTP WRONKI,JAN GALASIŃSKI MICHAŁ PODGÓRSKI
2022,POZNAŃ 2022,138,nieznana,9,Szymański Kamil; Barabasz Paulina,ZTL PROMYKI,KAMIL RZĄCA DARIUSZ SKRZYDLEWSKI DOMINIKA BISIALSKA
2022,POZNAŃ 2022,138,nieznana,10,Kaszkowiak Jakub; Judek Katarzyna,ZTP WRONKI,JAN GALASIŃSKI MICHAŁ PODGÓRSKI
2022,POZNAŃ 2022,138,nieznana,1,Spirka Bartłomiej; Kulka Zofia,ZF WIELKOPOLANIE,GALASIŃSKI JAN
2022,POZNAŃ 2022,138,nieznana,2,Zastróżny Daniel; Góral Amelia,ZTP WRONKI,JAN GALASIŃSKI MICHAŁ PODGÓRSKI
2022,POZNAŃ 2022,138,nieznana,3,Solarski Mateusz; Jezierska Zuzanna,ZTP WRONKI,JAN GALASIŃSKI MICHAŁ PODGÓRSKI
2022,POZNAŃ 2022,138,nieznana,5,Kryński Kacper; Milewska Magdalena,ZPIT MAŁE PODLASIE,LESZCZYŃSKI KAMIL
2022,POZNAŃ 2022,138,nieznana,6,Wylęgły Bartosz; Rydelek Jagoda,ZTL PROMYKI,KAMIL RZĄCA DARIUSZ SKRZYDLEWSKI DOMINIKA BISIALSKA
2022,POZNAŃ 2022,138,nieznana,7,Nowierski Makary; Zastróżna Julia,ZTP WRONKI,JAN GALASIŃSKI MICHAŁ PODGÓRSKI
2022,POZNAŃ 2022,138,nieznana,8,Kamiński Wojciech; Kulka Maria,ZF WIELKOPOLANIE,BANAŚ JADWIGA
2022,POZNAŃ 2022,138,nieznana,9,Link Mateusz; Przyborska Marta,ZPIT WARMIA,WOJCIECHOWICZ AGNIESZKA
2022,POZNAŃ 2022,138,nieznana,11,Kaszkowiak Jakub; Judek Katarzyna,ZTP WRONKI,JAN GALASIŃSKI MICHAŁ PODGÓRSKI
2022,POZNAŃ 2022,138,nieznana,1,Skorupski Dominik; Skwara Bogumiła,WIELKOPOLSKI KTP,BUDZIAK MARTA MICHALSKA JOANNA
2022,POZNAŃ 2022,138,nieznana,2,Dwóżnik Tomasz; Matuszak Nadia,ZTP WRONKI,JAN GALASIŃSKI MICHAŁ PODGÓRSKI
2022,POZNAŃ 2022,138,nieznana,3,Boguszewski Bartłomiej; Kurzempa Wiktoria,ZPIT PW,WOJCIECHOWSKI JAROSŁAW
2022,POZNAŃ 2022,138,nieznana,1,Podgórski Michał; Michałek Jagoda,ZTP WRONKI,GALASIŃSKI JAN
2022,POZNAŃ 2022,138,nieznana,2,Budka Bartłomiej; Ruks Joanna,WIELKOPOLSKI KTP,BUDZIAK MARTA MICHALSKA JOANNA
2022,POZNAŃ 2022,138,nieznana,3,Nowak Michał; Kusiak Monika,ZPIT SILESIANIE,JAKUBEK KAROLINA
2022,POZNAŃ 2022,138,nieznana,4,Wojciechowski Krystian; Odebralska Klaudia,WIELKOPOLSKI KTP,BUDZIAK MARTA MICHALSKA JOANNA
2022,POZNAŃ 2022,138,nieznana,5,Manikowski Kacper; Gałęska Julia,WIELKOPOLSKI KTP,BUDZIAK MARTA MICHALSKA JOANNA
2022,POZNAŃ 2022,138,nieznana,6,Pućko Dawid; Charyton Katarzyna,ZPIT MAŁE PODLASIE,CHARYTON KATARZYNA
2022,POZNAŃ 2022,138,nieznana,1,Naskręt Marcin; Strzelewicz Marta,WIELKOPOLSKI KTP,BUDZIAK MARTA MICHALSKA JOANNA
2022,POZNAŃ 2022,138,nieznana,2,Kulczyński Kazimierz; Roik Kamila,WIELKOPOLSKI KTP,BUDZIAK MARTA MICHALSKA JOANNA
2022,POZNAŃ 2022,138,nieznana,3,Hemmerling Marcin; Sudzińska Maria,SPKL MŁODY TORUŃ,BILSKA KATARZYNA
2022,POZNAŃ 2022,138,nieznana,4,Mańkowski Robert; Mańkowska Beata,SPKL MŁODY TORUŃ,BILSKA KATARZYNA
2022,POZNAŃ 2022,138,nieznana,5,Śniedziewski Artur; Pasicka Aleksandra,WIELKOPOLSKI KTP,BUDZIAK MARTA MICHALSKA JOANNA
2022,POZNAŃ 2022,138,nieznana,6,Haraś Stanisław; Haraś Diana,ZF WIELKOPOLANIE,GALASIŃSKI JAN
2022,POZNAŃ 2022,138,nieznana,7,Tomczyk Paweł; Drobenka Wioletta,WIELKOPOLSKI KTP,CICHOCKI MICHAŁ
2022,POZNAŃ 2022,138,nieznana,8,Walczak Łukasz; Bashlykova Alena,WIELKOPOLSKI KTP,BUDZIAK MARTA MICHALSKA JOANNA
2022,ELBLAG 2022,137,nieznana,1,Nowicki Ksawery; Panuś Nadia,KPT STAWIGUDA,
2022,ELBLAG 2022,137,nieznana,2,Całka Miłosz; Dłużniewska Kinga,ZPIT 22 BLT MALBORK,
2022,ELBLAG 2022,137,nieznana,3,Załęski Hubert; Graban Martyna,ZPIT WARMIA,
2022,ELBLAG 2022,137,nieznana,4,Żuk Aleksander; Małek Maja,ZPIT 22 BLT MALBORK,
2022,ELBLAG 2022,137,nieznana,5,Dłużniewski Antoni; Makowska Maria,ZPIT 22 BLT MALBORK,
2022,ELBLAG 2022,137,nieznana,6,Sobolewski Oktawian; Wojtysiak Zofia,ZPIT 22 BLT MALBORK,
2022,ELBLAG 2022,137,nieznana,7,Lipiński Miłosz; Wiśniewska Maja,ZPIT 22 BLT MALBORK,
2022,ELBLAG 2022,137,nieznana,8,Flizikowski Antoni; Siedlarek Nina,ZPIT 22 BLT MALBORK,
2022,ELBLAG 2022,137,nieznana,1,Rutka Marcel; Wojnar Katarzyna,ZPIT KORTOWO UWM,
2022,ELBLAG 2022,137,nieznana,2,Witek Jan; Krasnowska Maja,ZPIT KORTOWO UWM,
2022,ELBLAG 2022,137,nieznana,3,Sulewski Szymon; Nitkiewicz Iga,KPT STAWIGUDA,
2022,ELBLAG 2022,137,nieznana,4,Panuś Aleksander; Dublaszewska Urszula,KPT STAWIGUDA,
2022,ELBLAG 2022,137,nieznana,5,Gruszka Tymon; Osetek Maja,ZPIT KORTOWO UWM,
2022,ELBLAG 2022,137,nieznana,6,Bogusławski Miłosz; Podwojewska Oliwia,ZPIT MAŁE ŻUŁAWY,
2022,ELBLAG 2022,137,nieznana,7,Żołdak Adam; Łyczkowska Lena,ZPIT 22 BLT MALBORK,
2022,ELBLAG 2022,137,nieznana,8,Łyczkowski Borys; Niedźwiecka Pola,ZPIT 22 BLT MALBORK,
2022,ELBLAG 2022,137,nieznana,1,Cejrowski Julian; Sołtysiak Antonina,ZPIT UG JANTAR,
2022,ELBLAG 2022,137,nieznana,2,Wierzbicki Jakub; Piersa Anna,KPT STAWIGUDA,
2022,ELBLAG 2022,137,nieznana,3,Gojło-Woźniak Jan; Międlar Róża,ZPIT UG JANTAR,
2022,ELBLAG 2022,137,nieznana,4,Kaczyński Mateusz; Łada Eliza,ZPIT UG JANTAR,
2022,ELBLAG 2022,137,nieznana,1,Zabrocki Juliusz; Ciok Zofia,ZPIT MAŁE ŻUŁAWY,
2022,ELBLAG 2022,137,nieznana,2,Woźniak Jan; Jasińska Karolina,ZPIT 22 BLT MALBORK,
2022,ELBLAG 2022,137,nieznana,3,Cejrowski Julian; Sołtysiak Antonina,ZPIT UG JANTAR,
2022,ELBLAG 2022,137,nieznana,4,Gojło-Woźniak Jan; Międlar Róża,ZPIT UG JANTAR,
2022,ELBLAG 2022,137,nieznana,5,Wierzbicki Jakub; Piersa Anna,KPT STAWIGUDA,
2022,ELBLAG 2022,137,nieznana,6,Kaczyński Mateusz; Łada Eliza,ZPIT UG JANTAR,
2022,ELBLAG 2022,137,nieznana,1,Pieniak Tobiasz; Dominiczak Anna,ZPIT WARMIA,
2022,ELBLAG 2022,137,nieznana,2,Lieder Kacper; Piątek Zuzanna,ZPIT UG JANTAR,
2022,ELBLAG 2022,137,nieznana,3,Link Mateusz; Przyborska Marta,ZPIT WARMIA,
2022,ELBLAG 2022,137,nieznana,4,Baran Filip; Dawidziak Michalina,ZPIT 22 BLT MALBORK,
2022,WILANÓW 2022,136,nieznana,1,Klimkiewicz Bartosz; Iwańczak Zofia,ZPIT ZAMOJSZCZYZNA,HILDEBRAND MONIKA
2022,WILANÓW 2022,136,nieznana,2,Nowicki Ksawery; Panuś Nadia,KPT STAWIGUDA,NITKIEWICZ MONIKA
2022,WILANÓW 2022,136,nieznana,3,Czerwiński Mateusz; Saramok Dorota,ZPIT POWIŚLE,GRABOWSKI KONRAD CZERWIŃSKI ŁUKASZ
2022,WILANÓW 2022,136,nieznana,3,Piórkowski Paweł; Węglarz Maria,ZPIT POWIŚLE,GRABOWSKI KONRAD
2022,WILANÓW 2022,136,nieznana,5,Kusyk Jan; Kwit Gabriela,ZPIT POWIŚLE,GRABOWSKI KONRAD
2022,WILANÓW 2022,136,nieznana,6,Hubert Załęski; Graban Martyna,ZPIT WARMIA,WOJCIECHOWICZ AGNIESZKA
2022,WILANÓW 2022,136,nieznana,7,Snopczyński Adam; Kukuryk Hanna,ZTL MAŁY GŁUSK,TRYNISZEWSKI DAMIAN
2022,WILANÓW 2022,136,nieznana,8,Jabłoński Franciszek; Gil Karolina,ZTL MAŁY GŁUSK,TRYNISZEWSKI DAMIAN
2022,WILANÓW 2022,136,nieznana,1,Rutka Marcel; Wojnar Katarzyna,ZPIT KORTOWO UWM,BARAN ALICJA
2022,WILANÓW 2022,136,nieznana,2,Maraszkiewicz Tomasz; Łukanowska Julia,ZPIT POWIŚLE,GRABOWSKI KONRAD
2022,WILANÓW 2022,136,nieznana,3,Tomasz Bryś; Mikołajczak Helena,DZF WIELKOPOLANIE,BANAŚ JADWIGA
2022,WILANÓW 2022,136,nieznana,4,Tomczak Miłosz; Olejniczak Kinga,DZF WIELKOPOLANIE,BANAŚ JADWIGA
2022,WILANÓW 2022,136,nieznana,5,Witek Jan; Krasnowska Maja,ZPIT KORTOWO UWM,BARAN ALICJA
2022,WILANÓW 2022,136,nieznana,6,Bednarczyk Jakub; Wójcik Oliwia,ZPIT POWIŚLE,GRABOWSKI KONRAD
2022,WILANÓW 2022,136,nieznana,7,Kaczyński Mikołaj; Walczuk Dorota,ZPIT UW WARSZAWIANKA,RZĄCA KAROLINA
2022,WILANÓW 2022,136,nieznana,7,Sikora Stanisław; Węcel Kornelia,DZF WIELKOPOLANIE,BANAŚ JADWIGA
2022,WILANÓW 2022,136,nieznana,7,Zastróżny Mikołaj; Golba Nina,ZTP WRONKI,JAN GALASIŃSKI MICHAŁ PODGÓRSKI
2022,WILANÓW 2022,136,nieznana,10,Kościuszko Dominik; Jabłońska Julia,ZPIT ZAMOJSZCZYZNA,MONIKA HILDEBRAND JOLANTA KALINOWSKA-OBST MONIKA HILDEBRAND JOLANTA KALINOWSKA-OBST
2022,WILANÓW 2022,136,nieznana,10,Janda Filip; Celuch Marta,ZPIT UW WARSZAWIANKA,WRÓBLEWSKA PAULINA
2022,WILANÓW 2022,136,nieznana,12,Mosiński Tymoteusz; Kulińska Lilianna,ZPIT POWIŚLE,GRABOWSKI KONRAD
2022,WILANÓW 2022,136,nieznana,13,Stasiorczyk Jakub; Brukwicz Natalia,ZTL PROMYKI,KAMIL RZĄCA DARIUSZ SKRZYDLEWSKI DOMINIKA BISIALSKA
2022,WILANÓW 2022,136,nieznana,13,Popielec Kamil; Bartosiak Antonina,ZPIT ZAMOJSZCZYZNA,HILDEBRAND MONIKA
2022,WILANÓW 2022,136,nieznana,13,Braniecki Michał; Owczarek Joanna,ZPIT UW WARSZAWIANKA,RZĄCA KAROLINA
2022,WILANÓW 2022,136,nieznana,13,Kujawski Krzysztof; Jarząb Zuzanna,ZTP WRONKI,JAN GALASIŃSKI MICHAŁ PODGÓRSKI
2022,WILANÓW 2022,136,nieznana,13,Stacherski Gustaw; Zawieja Helena,DZF WIELKOPOLANIE,BANAŚ JADWIGA
2022,WILANÓW 2022,136,nieznana,13,Ostaszewski Adrian; Jabłonowska Róża,ZTL PROMYKI,KAMIL RZĄCA DARIUSZ SKRZYDLEWSKI DOMINIKA BISIALSKA
2022,WILANÓW 2022,136,nieznana,19,Kaźmierczak Michał; Raś Marianna,ZTP WRONKI,JAN GALASIŃSKI MICHAŁ PODGÓRSKI
2022,WILANÓW 2022,136,nieznana,19,Czubacki Wojciech; Wojtak Anna,ZTL MAŁY GŁUSK,TRYNISZEWSKI DAMIAN
2022,WILANÓW 2022,136,nieznana,19,Panuś Aleksander; Dublaszewska Urszula,KPT STAWIGUDA,NITKIEWICZ MONIKA
2022,WILANÓW 2022,136,nieznana,19,Pikor Piotr; Szymańska Amelia,ZPIT ZAMOJSZCZYZNA,HILDEBRAND MONIKA
2022,WILANÓW 2022,136,nieznana,23,Cichocki Antoni; Mączka Julita,ZPIT POWIŚLE,GRABOWSKI KONRAD
2022,WILANÓW 2022,136,nieznana,23,Jeckel Leon; Krynicka Alicja,DZF WIELKOPOLANIE,BANAŚ JADWIGA
2022,WILANÓW 2022,136,nieznana,25,Piasek Tobiasz; Starzonek Gabriela,ZTP WRONKI,JAN GALASIŃSKI MICHAŁ PODGÓRSKI
2022,WILANÓW 2022,136,nieznana,26,Typek Paweł; Fijałkowska Ariana,ZTL PROMYKI,KAMIL RZĄCA DARIUSZ SKRZYDLEWSKI DOMINIKA BISIALSKA
2022,WILANÓW 2022,136,nieznana,27,Sulewski Szymon; Nitkiewicz Iga,KPT STAWIGUDA,NITKIEWICZ MONIKA
2022,WILANÓW 2022,136,nieznana,28,Gil Jakub; Błaszczak Alicja,ZTL MAŁY GŁUSK,TRYNISZEWSKI DAMIAN
2022,WILANÓW 2022,136,nieznana,29,Sienkiewicz Ignacy; Judek Zofia,ZTP WRONKI,JAN GALASIŃSKI MICHAŁ PODGÓRSKI
2022,WILANÓW 2022,136,nieznana,30,Typek Wojciech; Żaluk Barbara,ZTL PROMYKI,KAMIL RZĄCA DARIUSZ SKRZYDLEWSKI DOMINIKA BISIALSKA
2022,WILANÓW 2022,136,nieznana,31,Hosaja Wojtek; Majewska Michalina,ZTL PROMYKI,KAMIL RZĄCA DARIUSZ SKRZYDLEWSKI DOMINIKA BISIALSKA
2022,WILANÓW 2022,136,nieznana,31,Szacht Sylwester; Szubińska Dominika,WIELKOPOLSKI KTP,DOMINIK SKORUPSKI MARTA BUDZIAK
2022,WILANÓW 2022,136,nieznana,31,Gruszka Tymon; Osetek Maja,ZPIT KORTOWO UWM,BARAN ALICJA
2022,WILANÓW 2022,136,nieznana,31,Zapała Dawid; Gdowik Anna,MLZPIT KRAKOWIAK,KRUCZEK ANNA
2022,WILANÓW 2022,136,nieznana,1,Zabrocki Juliusz; Ciok Zofia,ZPIT MAŁE ŻUŁAWY,CIOK ANETTA
2022,WILANÓW 2022,136,nieznana,2,Matuszak Mateusz; Piaskowska-Niszczak Olga,ZTP WRONKI,JAN GALASIŃSKI MICHAŁ PODGÓRSKI
2022,WILANÓW 2022,136,nieznana,3,Tworzyk Marek; Fryc Emilia,ZPIT ZIEMIA LISIECKA,KRUCZEK ANNA
2022,WILANÓW 2022,136,nieznana,4,Pulchny Mateusz; Badzińska Oliwia,MLZPIT KRAKOWIAK,KRUCZEK ANNA
2022,WILANÓW 2022,136,nieznana,5,Woźniak Jan; Jasińska Karolina,ZPIT MALBORK,CIOK ANETTA
2022,WILANÓW 2022,136,nieznana,6,Wawrzynek Tymon; Kirchner Adrianna,DZF WIELKOPOLANIE,BANAŚ JADWIGA
2022,WILANÓW 2022,136,nieznana,7,Korniluk Mateusz; Panasiuk Izabela,ZPIT MAŁE PODLASIE,LESZCZYŃSKI KAMIL
2022,WILANÓW 2022,136,nieznana,8,Olszewski Dominik; Paterek Gabriela,KTP TOŁWIN,LESZCZYŃSKI KAMIL
2022,WILANÓW 2022,136,nieznana,1,Kosiński Zbigniew; Owczarska Urszula,ZPIT MAŁE PODLASIE,LESZCZYŃSKI KAMIL
2022,WILANÓW 2022,136,nieznana,2,Goch Gabriel; Goch Emilia,MLZPIT KRAKOWIAK,KRUCZEK ANNA
2022,WILANÓW 2022,136,nieznana,3,Burzyński Piotr; Czerska Hanna,ZPIT UW WARSZAWIANKA,WRÓBLEWSKA PAULINA
2022,WILANÓW 2022,136,nieznana,4,Chodkowski Ignacy; Szymańska Antonia,ZPIT UW WARSZAWIANKA,RZĄCA KAROLINA
2022,WILANÓW 2022,136,nieznana,5,Łyszcz Mikołaj; Wojnicka Amelia,ZPIT POWIŚLE,GRABOWSKI KONRAD
2022,WILANÓW 2022,136,nieznana,6,Fos Szymon; Górniak Judyta,ZPIT MAŁE ŻUŁAWY,CIOK ANETTA
2022,WILANÓW 2022,136,nieznana,7,Czerwiński Kacper; Bojarska Zuzanna,ZPIT POWIŚLE,GRABOWSKI KONRAD CZERWIŃSKI ŁUKASZ
2022,WILANÓW 2022,136,nieznana,8,Komorek Sergiusz; Charalampous Emilia,MLZPIT KRAKOWIAK,KRUCZEK ANNA
2022,WILANÓW 2022,136,nieznana,9,Cejrowski Julian; Sołtysiak Antonina,ZPIT UG JANTAR,FEL-TUKALSKA ANNA
2022,WILANÓW 2022,136,nieznana,10,Nowak Adam; Chojan Zofia,ZTP WRONKI,JAN GALASIŃSKI MICHAŁ PODGÓRSKI
2022,WILANÓW 2022,136,nieznana,10,Grobel Hubert; Szlendak Maria,ZPIT POWIŚLE,GRABOWSKI KONRAD
2022,WILANÓW 2022,136,nieznana,12,Król Wojciech; Szymańska Stefania,ZPIT UW WARSZAWIANKA,RZĄCA KAROLINA
2022,WILANÓW 2022,136,nieznana,13,Żaluk Piotr; Bańkowska Antonina,ZTL PROMYKI,KAMIL RZĄCA DARIUSZ SKRZYDLEWSKI DOMINIKA BISIALSKA
2022,WILANÓW 2022,136,nieznana,14,Leszczyński Antoni; Swajda Laura,ZPIT MAŁE PODLASIE,LESZCZYŃSKI KAMIL
2022,WILANÓW 2022,136,nieznana,14,Żmudziński Karol; Babul Hanna,ZPIT UG JANTAR,FEL-TUKALSKA ANNA
2022,WILANÓW 2022,136,nieznana,16,Wierzbicki Jakub; Piersa Anna,KPT STAWIGUDA,
2022,WILANÓW 2022,136,nieznana,17,Gojło-Woźniak Jan; Międlar Róża,ZPIT UG JANTAR,FEL-TUKALSKA ANNA
2022,WILANÓW 2022,136,nieznana,18,Załęski Wiktor; Iwanow Alicja,ZPIT WARMIA,WOJCIECHOWICZ AGNIESZKA
2022,WILANÓW 2022,136,nieznana,19,Szubiński Arkadiusz; Wdowiak Małgorzata,WIELKOPOLSKI KTP,DOMINIK SKORUPSKI MARTA BUDZIAK
2022,WILANÓW 2022,136,nieznana,1,Iwańczyk Jakub; Toboła Maria,ZPIT UW WARSZAWIANKA,WRÓBLEWSKA PAULINA TEPEREK JAKUB
2022,WILANÓW 2022,136,nieznana,2,Zastróżny Daniel; Góral Amelia,ZTP WRONKI,JAN GALASIŃSKI MICHAŁ PODGÓRSKI
2022,WILANÓW 2022,136,nieznana,3,Maciejewski Jerzy; Toboła Julia,ZPIT UW WARSZAWIANKA,TEPEREK JAKUB
2022,WILANÓW 2022,136,nieznana,4,Kryński Kacper; Milewska Magdalena,ZPIT MAŁE PODLASIE,LESZCZYŃSKI KAMIL
2022,WILANÓW 2022,136,nieznana,5,Zych Maciej; Wójtowicz Helena,ZPIT UW WARSZAWIANKA,RZĄCA KAROLINA
2022,WILANÓW 2022,136,nieznana,6,Przedpełski Franciszek; Szpila Agata,ZPIT UW WARSZAWIANKA,RZĄCA KAROLINA
2022,WILANÓW 2022,136,nieznana,7,Pieniak Tobiasz; Dominiczak Anna,ZPIT WARMIA,WOJCIECHOWICZ AGNIESZKA
2022,WILANÓW 2022,136,nieznana,8,Wylęgły Bartosz; Rydelek Jagoda,ZTL PROMYKI,KAMIL RZĄCA DARIUSZ SKRZYDLEWSKI DOMINIKA BISIALSKA
2022,WILANÓW 2022,136,nieznana,8,Dziuba Wojciech; Klimkiewicz Julia,ZPIT ZAMOJSZCZYZNA,MONIKA HILDEBRAND JOLANTA KALINOWSKA-OBST MONIKA HILDEBRAND JOLANTA KALINOWSKA-OBST
2022,WILANÓW 2022,136,nieznana,10,Lieder Kacper; Piątek Zuzanna,ZPIT UG JANTAR,TAŠKINAS MODESTAS
2022,WILANÓW 2022,136,nieznana,10,Link Mateusz; Przyborska Marta,ZPIT WARMIA,WOJCIECHOWICZ AGNIESZKA
2022,WILANÓW 2022,136,nieznana,12,Kalemba Bartosz; Krzyżaniak Julia,ZTP WRONKI,JAN GALASIŃSKI MICHAŁ PODGÓRSKI
2022,WILANÓW 2022,136,nieznana,1,Skoczeń Dominik; Woroszyło Natalia,ZPIT PW,WOJCIECHOWSKI JAROSŁAW
2022,WILANÓW 2022,136,nieznana,2,Rembelski Jakub; Kowalik Julia,ZTL PROMYKI,KAMIL RZĄCA DARIUSZ SKRZYDLEWSKI DOMINIKA BISIALSKA
2022,WILANÓW 2022,136,nieznana,3,Lenartowicz Aleksander; Pentz Anna,ZPIT UW WARSZAWIANKA,TEPEREK JAKUB
2022,WILANÓW 2022,136,nieznana,4,Boguszewski Bartłomiej; Kurzempa Wiktoria,ZPIT PW,WOJCIECHOWSKI JAROSŁAW
2022,WILANÓW 2022,136,nieznana,1,Pasiut Paweł; Ziółek Weronika,ZPIT UW WARSZAWIANKA,WRÓBLEWSKA PAULINA
2022,WILANÓW 2022,136,nieznana,2,Šerlat Andžej; Król Katarzyna,ZPIT PW,WOJCIECHOWSKI JAROSŁAW
2022,WILANÓW 2022,136,nieznana,3,Zych Szymon; Ziółek Klaudia,ZPIT UW WARSZAWIANKA,PÓŹNIEWSKI NORBERT
2022,WILANÓW 2022,136,nieznana,4,Hertrampf Piotr; Staniszewska Patrycja,ZPIT KORTOWO UWM,BARAN ALICJA
2022,WILANÓW 2022,136,nieznana,5,Hildebrand Karol; Szycik Natalia,ZPIT UW WARSZAWIANKA,PÓŹNIEWSKI NORBERT
2022,WILANÓW 2022,136,nieznana,1,Taškinas Modestas; Kurashkevych Oleksandra,ZPIT UG JANTAR,FEL-TUKALSKA ANNA
2022,WILANÓW 2022,136,nieznana,2,Baran Michał; Baran Alicja,ZPIT KORTOWO UWM,BARAN ALICJA
2022,WILANÓW 2022,136,nieznana,3,Grzejszczyk Mariusz; Borkowska Klaudia,ZPIT UW WARSZAWIANKA,PÓŹNIEWSKI NORBERT
2022,WILANÓW 2022,136,nieznana,4,Podgórski Michał; Michałek Jagoda,ZTP WRONKI,GALASIŃSKI JAN
2022,WILANÓW 2022,136,nieznana,5,Cichocki Dawid; Andrzejczak Ada,ZPIT UG JANTAR,BARTOSZ NATALIA
2022,WILANÓW 2022,136,nieznana,6,Manikowski Kacper; Gałęska Julia,WIELKOPOLSKI KTP,BUDZIAK MARTA TOMCZYK PAWEŁ MICHALSKA JOANNA
2022,WILANÓW 2022,136,nieznana,1,Hemmerling Marcin; Sudzińska Maria,SPKL MŁODY TORUŃ,BILSKA KATARZYNA
2022,WILANÓW 2022,136,nieznana,2,Kulczyński Kazimierz; Roik Kamila,WIELKOPOLSKI KTP,BUDZIAK MARTA TOMCZYK PAWEŁ MICHALSKA JOANNA
2022,WILANÓW 2022,136,nieznana,3,Mańkowski Robert; Mańkowska Beata,SPKL MŁODY TORUŃ,BILSKA KATARZYNA
2022,WILANÓW 2022,136,nieznana,4,Molski Michał; Wilgos Marlena,ZTL PROMYKI,KAMIL RZĄCA DARIUSZ SKRZYDLEWSKI DOMINIKA BISIALSKA
2022,WILANÓW 2022,136,nieznana,5,Haraś Stanisław; Haraś Diana,ZF WIELKOPOLANIE,GALASIŃSKI JAN
2022,WILANÓW 2022,136,nieznana,6,Kołodziejczyk Andrzej; Nowakowska Monika,"ZPIT PL, LUBLIN",ALEKSANDROWICZ HANNA
2022,WILANÓW 2022,136,nieznana,1,Korczyk Kazimierz; Nowak Agata,AKTYWNI SENIORZY BIELSKO-BIAŁA,
2022,WILANÓW 2022,136,nieznana,2,Piątek Jacek; Piątek Małgorzata,ZPIT UG JANTAR,FEL-TUKALSKA ANNA
2022,WILANÓW 2022,136,nieznana,1,Teperek Jakub; Kołodko Kamila,ZPIT UW WARSZAWIANKA,PÓŹNIEWSKI NORBERT
2022,WILANÓW 2022,136,nieznana,2,Teperek Kajetan; Drzas Joanna,ZPIT UW WARSZAWIANKA,PÓŹNIEWSKI NORBERT
2022,PUŁAWY 2022,135,nieznana,1,Piórkowski Paweł; Węglarz Maria,ZPIT POWIŚLE,GRABOWSKI KONRAD
2022,PUŁAWY 2022,135,nieznana,2,Czerwiński Mateusz; Saramok Dorota,ZPIT POWIŚLE,GRABOWSKI KONRAD CZERWIŃSKI ŁUKASZ
2022,PUŁAWY 2022,135,nieznana,3,Kusyk Jan; Kwit Gabriela,ZPIT POWIŚLE,GRABOWSKI KONRAD
2022,PUŁAWY 2022,135,nieznana,4,Klimkiewicz Bartosz; Iwańczak Zofia,ZPIT ZAMOJSZCZYZNA,HILDEBRAND MONIKA
2022,PUŁAWY 2022,135,nieznana,5,Snopczyński Adam; Kukuryk Hanna,ZTL MAŁY GŁUSK,TRYNISZEWSKI DAMIAN
2022,PUŁAWY 2022,135,nieznana,6,Jabłoński Franciszek; Gil Karolina,ZTL MAŁY GŁUSK,TRYNISZEWSKI DAMIAN
2022,PUŁAWY 2022,135,nieznana,1,Kaczyński Mikołaj; Walczuk Dorota,ZPIT UW WARSZAWIANKA,RZĄCA KAROLINA
2022,PUŁAWY 2022,135,nieznana,2,Maraszkiewicz Tomasz; Łukanowska Julia,ZPIT POWIŚLE,GRABOWSKI KONRAD
2022,PUŁAWY 2022,135,nieznana,3,Tomczak Miłosz; Olejniczak Kinga,DZF WIELKOPOLANIE,BANAŚ JADWIGA
2022,PUŁAWY 2022,135,nieznana,4,Anioł Miłosz; Kalemba Karolina,ZTP WRONKI,JAN GALASIŃSKI MICHAŁ PODGÓRSKI
2022,PUŁAWY 2022,135,nieznana,5,Zastróżny Mikołaj; Golba Nina,ZTP WRONKI,JAN GALASIŃSKI MICHAŁ PODGÓRSKI
2022,PUŁAWY 2022,135,nieznana,6,Goch Piotr; Charalampous Adriana,MLZPIT KRAKOWIAK,KRUCZEK ANNA
2022,PUŁAWY 2022,135,nieznana,7,Bednarczyk Jakub; Wójcik Oliwia,ZPIT POWIŚLE,GRABOWSKI KONRAD
2022,PUŁAWY 2022,135,nieznana,8,Janda Filip; Celuch Marta,ZPIT UW WARSZAWIANKA,WRÓBLEWSKA PAULINA
2022,PUŁAWY 2022,135,nieznana,8,Sikora Stanisław; Węcel Kornelia,DZF WIELKOPOLANIE,BANAŚ JADWIGA
2022,PUŁAWY 2022,135,nieznana,10,Czubacki Wojciech; Wojtak Anna,ZTL MAŁY GŁUSK,TRYNISZEWSKI DAMIAN
2022,PUŁAWY 2022,135,nieznana,10,Kościuszko Dominik; Jabłońska Julia,ZPIT ZAMOJSZCZYZNA,MONIKA HILDEBRAND JOLANTA KALINOWSKA-OBST MONIKA HILDEBRAND JOLANTA KALINOWSKA-OBST
2022,PUŁAWY 2022,135,nieznana,12,Piasek Tobiasz; Starzonek Gabriela,ZTP WRONKI,JAN GALASIŃSKI MICHAŁ PODGÓRSKI
2022,PUŁAWY 2022,135,nieznana,13,Braniecki Michał; Owczarek Joanna,ZPIT UW WARSZAWIANKA,RZĄCA KAROLINA
2022,PUŁAWY 2022,135,nieznana,14,Stasiorczyk Jakub; Brukwicz Natalia,ZTL PROMYKI,KAMIL RZĄCA DARIUSZ SKRZYDLEWSKI DOMINIKA BISIALSKA
2022,PUŁAWY 2022,135,nieznana,15,Popielec Kamil; Bartosiak Antonina,ZPIT ZAMOJSZCZYZNA,HILDEBRAND MONIKA
2022,PUŁAWY 2022,135,nieznana,15,Mosiński Tymoteusz; Kulińska Lilianna,ZPIT POWIŚLE,GRABOWSKI KONRAD
2022,PUŁAWY 2022,135,nieznana,15,Pikor Piotr; Szymańska Amelia,ZPIT ZAMOJSZCZYZNA,HILDEBRAND MONIKA
2022,PUŁAWY 2022,135,nieznana,18,Stacherski Gustaw; Zawieja Helena,DZF WIELKOPOLANIE,BANAŚ JADWIGA
2022,PUŁAWY 2022,135,nieznana,18,Ostaszewski Adrian; Jabłonowska Róża,ZTL PROMYKI,KAMIL RZĄCA DARIUSZ SKRZYDLEWSKI DOMINIKA BISIALSKA
2022,PUŁAWY 2022,135,nieznana,18,Kaźmierczak Michał; Raś Marianna,ZTP WRONKI,JAN GALASIŃSKI MICHAŁ PODGÓRSKI
2022,PUŁAWY 2022,135,nieznana,18,Kujawski Krzysztof; Jarząb Zuzanna,ZTP WRONKI,JAN GALASIŃSKI MICHAŁ PODGÓRSKI
2022,PUŁAWY 2022,135,nieznana,22,Korpysa Julian; Kwit Wiktoria,ZPIT POWIŚLE,GRABOWSKI KONRAD
2022,PUŁAWY 2022,135,nieznana,23,Cichocki Antoni; Mączka Julita,ZPIT POWIŚLE,GRABOWSKI KONRAD
2022,PUŁAWY 2022,135,nieznana,23,Biniak Władysław; Murmiłło Pola,DZF WIELKOPOLANIE,BANAŚ JADWIGA
2022,PUŁAWY 2022,135,nieznana,25,Madzio Tymon; Kowalska Alicja,ZPIT ŁANIKI,STRZELEWICZ MARTA
2022,PUŁAWY 2022,135,nieznana,26,Gil Jakub; Błaszczak Alicja,ZTL MAŁY GŁUSK,TRYNISZEWSKI DAMIAN
2022,PUŁAWY 2022,135,nieznana,27,Wojas Szymon; Wolska Zofia,ZPIT POWIŚLE,GRABOWSKI KONRAD
2022,PUŁAWY 2022,135,nieznana,28,Bartkowski Filip; Laguna-Musielak Maya,ZPIT ŁANIKI,STRZELEWICZ MARTA
2022,PUŁAWY 2022,135,nieznana,28,Typek Wojciech; Żaluk Barbara,ZTL PROMYKI,KAMIL RZĄCA DARIUSZ SKRZYDLEWSKI DOMINIKA BISIALSKA
2022,PUŁAWY 2022,135,nieznana,30,Zapała Dawid; Gdowik Anna,MLZPIT KRAKOWIAK,KRUCZEK ANNA
2022,PUŁAWY 2022,135,nieznana,30,Podolski Mateusz; Parzyszek Aleksandra,ZPIT POWIŚLE,GRABOWSKI KONRAD
2022,PUŁAWY 2022,135,nieznana,30,Tomasiak Tobiasz; Lipa Martyna,ZPIT POWIŚLE,GRABOWSKI KONRAD
2022,PUŁAWY 2022,135,nieznana,33,Mielnicki Paweł; Jabłońska Alicja,ZPIT ZAMOJSZCZYZNA,HILDEBRAND MONIKA
2022,PUŁAWY 2022,135,nieznana,1,Matuszak Mateusz; Piaskowska-Niszczak Olga,ZTP WRONKI,JAN GALASIŃSKI MICHAŁ PODGÓRSKI
2022,PUŁAWY 2022,135,nieznana,2,Woźniak Jan; Jasińska Karolina,ZPIT MALBORK,CIOK ANETTA
2022,PUŁAWY 2022,135,nieznana,3,Pulchny Mateusz; Badzińska Oliwia,MLZPIT KRAKOWIAK,KRUCZEK ANNA
2022,PUŁAWY 2022,135,nieznana,4,Zabrocki Juliusz; Ciok Zofia,ZPIT MAŁE ŻUŁAWY,CIOK ANETTA
2022,PUŁAWY 2022,135,nieznana,5,Wawrzynek Tymon; Kirchner Adrianna,DZF WIELKOPOLANIE,BANAŚ JADWIGA
2022,PUŁAWY 2022,135,nieznana,6,Tworzyk Marek; Fryc Emilia,ZPIT ZIEMIA LISIECKA,KRUCZEK ANNA
2022,PUŁAWY 2022,135,nieznana,7,Hildebrand Rafał; Droździel Zuzanna,ZPIT ZAMOJSZCZYZNA,HILDEBRAND MONIKA
2022,PUŁAWY 2022,135,nieznana,7,Korniluk Mateusz; Panasiuk Izabela,ZPIT MAŁE PODLASIE,LESZCZYŃSKI KAMIL
2022,PUŁAWY 2022,135,nieznana,9,Wiejak Szymon; Filipek Julia,ZPIT POWIŚLE,GRABOWSKI KONRAD
2022,PUŁAWY 2022,135,nieznana,10,Olszewski Dominik; Paterek Gabriela,KTP TOŁWIN,LESZCZYŃSKI KAMIL
2022,PUŁAWY 2022,135,nieznana,1,Burzyński Piotr; Czerska Hanna,ZPIT UW WARSZAWIANKA,WRÓBLEWSKA PAULINA
2022,PUŁAWY 2022,135,nieznana,2,Goch Gabriel; Goch Emilia,MLZPIT KRAKOWIAK,KRUCZEK ANNA
2022,PUŁAWY 2022,135,nieznana,3,Kosiński Zbigniew; Owczarska Urszula,ZPIT MAŁE PODLASIE,LESZCZYŃSKI KAMIL
2022,PUŁAWY 2022,135,nieznana,4,Fos Szymon; Górniak Judyta,ZPIT MAŁE ŻUŁAWY,CIOK ANETTA
2022,PUŁAWY 2022,135,nieznana,5,Czerwiński Kacper; Bojarska Zuzanna,ZPIT POWIŚLE,GRABOWSKI KONRAD CZERWIŃSKI ŁUKASZ
2022,PUŁAWY 2022,135,nieznana,6,Komorek Sergiusz; Charalampous Emilia,MLZPIT KRAKOWIAK,KRUCZEK ANNA
2022,PUŁAWY 2022,135,nieznana,7,Grobel Hubert; Szlendak Maria,ZPIT POWIŚLE,GRABOWSKI KONRAD
2022,PUŁAWY 2022,135,nieznana,8,Łyszcz Mikołaj; Wojnicka Amelia,ZPIT POWIŚLE,GRABOWSKI KONRAD
2022,PUŁAWY 2022,135,nieznana,9,Załęski Wiktor; Iwanow Alicja,ZPIT WARMIA,WOJCIECHOWICZ AGNIESZKA
2022,PUŁAWY 2022,135,nieznana,10,Leszczyński Antoni; Swajda Laura,ZPIT MAŁE PODLASIE,LESZCZYŃSKI KAMIL
2022,PUŁAWY 2022,135,nieznana,10,Gnatowski Patryk; Czapiuk Zofia,ZPIT MAŁE PODLASIE,LESZCZYŃSKI KAMIL
2022,PUŁAWY 2022,135,nieznana,12,Radzik Maksymilian; Kardasz Katarzyna,ZPIT ZAMOJSZCZYZNA,HILDEBRAND MONIKA
2022,PUŁAWY 2022,135,nieznana,13,Wikieta Patryk; Paździor Amelia,ZTL MAŁY GŁUSK,TRYNISZEWSKI DAMIAN
2022,PUŁAWY 2022,135,nieznana,1,Iwańczyk Jakub; Toboła Maria,ZPIT UW WARSZAWIANKA,WRÓBLEWSKA PAULINA TEPEREK JAKUB
2022,PUŁAWY 2022,135,nieznana,2,Spirka Bartłomiej; Kulka Zofia,ZF WIELKOPOLANIE,GALASIŃSKI JAN
2022,PUŁAWY 2022,135,nieznana,3,Maciejewski Jerzy; Toboła Julia,ZPIT UW WARSZAWIANKA,TEPEREK JAKUB
2022,PUŁAWY 2022,135,nieznana,4,Solarski Mateusz; Jezierska Zuzanna,ZTP WRONKI,GALASIŃSCY HANNA I JAN
2022,PUŁAWY 2022,135,nieznana,5,Zych Maciej; Wójtowicz Helena,ZPIT UW WARSZAWIANKA,RZĄCA KAROLINA
2022,PUŁAWY 2022,135,nieznana,6,Pieniak Tobiasz; Dominiczak Anna,ZPIT WARMIA,WOJCIECHOWICZ AGNIESZKA
2022,PUŁAWY 2022,135,nieznana,7,Zastróżny Daniel; Góral Amelia,ZTP WRONKI,JAN GALASIŃSKI MICHAŁ PODGÓRSKI
2022,PUŁAWY 2022,135,nieznana,8,Wylęgły Bartosz; Rydelek Jagoda,ZTL PROMYKI,KAMIL RZĄCA DARIUSZ SKRZYDLEWSKI DOMINIKA BISIALSKA
2022,PUŁAWY 2022,135,nieznana,9,Kryński Kacper; Milewska Magdalena,ZPIT MAŁE PODLASIE,LESZCZYŃSKI KAMIL
2022,PUŁAWY 2022,135,nieznana,10,Przedpełski Franciszek; Szpila Agata,ZPIT UW WARSZAWIANKA,RZĄCA KAROLINA
2022,PUŁAWY 2022,135,nieznana,10,Link Mateusz; Przyborska Marta,ZPIT WARMIA,WOJCIECHOWICZ AGNIESZKA
2022,PUŁAWY 2022,135,nieznana,12,Lieder Kacper; Piątek Zuzanna,ZPIT UG JANTAR,TAŠKINAS MODESTAS
2022,PUŁAWY 2022,135,nieznana,13,Wróblewski Damian; Siemczyk Milena,ZPIT ZAMOJSZCZYZNA,HILDEBRAND MONIKA
2022,PUŁAWY 2022,135,nieznana,14,Szymański Kamil; Barabasz Paulina,ZTL PROMYKI,KAMIL RZĄCA DARIUSZ SKRZYDLEWSKI DOMINIKA BISIALSKA
2022,PUŁAWY 2022,135,nieznana,14,Dziuba Wojciech; Klimkiewicz Julia,ZPIT ZAMOJSZCZYZNA,MONIKA HILDEBRAND JOLANTA KALINOWSKA-OBST MONIKA HILDEBRAND JOLANTA KALINOWSKA-OBST
2022,PUŁAWY 2022,135,nieznana,16,Kalemba Bartosz; Krzyżaniak Julia,ZTP WRONKI,JAN GALASIŃSKI MICHAŁ PODGÓRSKI
2022,PUŁAWY 2022,135,nieznana,17,Grzyb Krzysztof; Kosińska Milena,ZPIT MAŁE PODLASIE,LESZCZYŃSKI KAMIL
2022,PUŁAWY 2022,135,nieznana,1,Pasiut Paweł; Ziółek Weronika,ZPIT UW WARSZAWIANKA,WRÓBLEWSKA PAULINA
2022,PUŁAWY 2022,135,nieznana,2,Zych Szymon; Ziółek Klaudia,ZPIT UW WARSZAWIANKA,PÓŹNIEWSKI NORBERT
2022,PUŁAWY 2022,135,nieznana,3,Hertrampf Piotr; Staniszewska Patrycja,ZPIT KORTOWO UWM,WOJCIECHOWSKA ALICJA
2022,PUŁAWY 2022,135,nieznana,4,Hildebrand Karol; Szycik Natalia,ZPIT UW WARSZAWIANKA,PÓŹNIEWSKI NORBERT
2022,PUŁAWY 2022,135,nieznana,5,Skorupski Dominik; Skwara Bogumiła,WIELKOPOLSKI KTP,BUDZIAK MARTA TOMCZYK PAWEŁ MICHALSKA JOANNA
2022,PUŁAWY 2022,135,nieznana,6,Urjasz Witold; Kluczkiewicz Klaudia,KTP MAKI I POWOJE,HAJDASZ KATARZYNA
2022,PUŁAWY 2022,135,nieznana,7,Šerlat Andžej; Król Katarzyna,ZPIT PW,WOJCIECHOWSKI JAROSŁAW
2022,PUŁAWY 2022,135,nieznana,8,Zaremba Bartłomiej; Wańczyk Danuta,PN LUBLIN,MAKARUK MARZENA
2022,PUŁAWY 2022,135,nieznana,9,Niebrój Michał; Słodczyk Joanna,ZPIT BESKID,BARBARA RYBCZYK AGATA POLOK
2022,PUŁAWY 2022,135,nieznana,1,Szyszko Mateusz; Stelmaszewska Magdalena,ZPIT UW WARSZAWIANKA,TEPEREK JAKUB
2022,PUŁAWY 2022,135,nieznana,2,Taškinas Modestas; Kurashkevych Oleksandra,ZPIT UG JANTAR,FEL-TUKALSKA ANNA
2022,PUŁAWY 2022,135,nieznana,3,Podgórski Michał; Michałek Jagoda,ZTP WRONKI,GALASIŃSKI JAN
2022,PUŁAWY 2022,135,nieznana,4,Grzejszczyk Mariusz; Borkowska Klaudia,ZPIT UW WARSZAWIANKA,PÓŹNIEWSKI NORBERT
2022,PUŁAWY 2022,135,nieznana,5,Cichocki Dawid; Andrzejczak Ada,ZPIT UG JANTAR,BARTOSZ NATALIA
2022,PUŁAWY 2022,135,nieznana,6,Obolewicz Szymon; Pospiech Agata,ZF WIELKOPOLANIE,GALASIŃSKI JAN
2022,PUŁAWY 2022,135,nieznana,7,Budka Bartłomiej; Ruks Joanna,WIELKOPOLSKI KTP,BUDZIAK MARTA TOMCZYK PAWEŁ MICHALSKA JOANNA
2022,PUŁAWY 2022,135,nieznana,8,Witulski Łukasz; Majchrzak Klaudia,ZPIT UG JANTAR,TAŠKINAS MODESTAS
2022,PUŁAWY 2022,135,nieznana,9,Pućko Dawid; Charyton Katarzyna,ZPIT MAŁE PODLASIE,CHARYTON KATARZYNA
2022,PUŁAWY 2022,135,nieznana,9,Powroziewicz Daniel; Lorenz Oliwia,ZF WIELKOPOLANIE,GALASIŃSKI JAN
2022,PUŁAWY 2022,135,nieznana,1,Kulczyński Kazimierz; Roik Kamila,WIELKOPOLSKI KTP,BUDZIAK MARTA TOMCZYK PAWEŁ MICHALSKA JOANNA
2022,PUŁAWY 2022,135,nieznana,2,Śniedziewski Artur; Pasicka Aleksandra,WIELKOPOLSKI KTP,BUDZIAK MARTA TOMCZYK PAWEŁ MICHALSKA JOANNA
2022,PUŁAWY 2022,135,nieznana,3,Rybczyk Wojciech; Rybczyk Barbara,ZPIT BESKID,AGATA POLOK ROMANA POLOK
2022,PUŁAWY 2022,135,nieznana,4,Haraś Stanisław; Haraś Diana,ZF WIELKOPOLANIE,GALASIŃSKI JAN
2022,PUŁAWY 2022,135,nieznana,4,Dwóżnik Tomasz; Matuszak Nadia,ZTP WRONKI,JAN GALASIŃSKI MICHAŁ PODGÓRSKI
2022,PUŁAWY 2022,135,nieznana,5,Hildebrand Karol; Szycik Natalia,ZPIT UW WARSZAWIANKA,PÓŹNIEWSKI NORBERT
2022,PUŁAWY 2022,135,nieznana,6,Skorupski Dominik; Skwara Bogumiła,WIELKOPOLSKI KTP,BUDZIAK MARTA TOMCZYK PAWEŁ MICHALSKA JOANNA
2022,PUŁAWY 2022,135,nieznana,8,Urjasz Witold; Kluczkiewicz Klaudia,KTP MAKI I POWOJE,HAJDASZ KATARZYNA
